data.registry_keys_opened0,data.registry_keys_opened1,data.registry_keys_opened2,data.registry_keys_opened3,data.registry_keys_opened4,data.registry_keys_opened5,data.registry_keys_opened6,data.registry_keys_opened7,data.registry_keys_opened8,data.registry_keys_opened9,data.registry_keys_opened10,data.registry_keys_opened11,data.registry_keys_opened12,data.registry_keys_opened13,data.registry_keys_opened14,data.registry_keys_opened15,data.registry_keys_opened16,data.registry_keys_opened17,data.registry_keys_opened18,data.registry_keys_opened19,data.registry_keys_opened20,data.registry_keys_opened21,data.registry_keys_opened22,data.registry_keys_opened23,data.registry_keys_opened24,data.registry_keys_opened25,data.registry_keys_opened26,data.registry_keys_opened27,data.registry_keys_opened28,data.registry_keys_opened29,data.registry_keys_opened30,data.registry_keys_opened31,data.registry_keys_opened32,data.registry_keys_opened33,data.registry_keys_opened34,data.registry_keys_opened35,data.registry_keys_opened36,data.registry_keys_opened37,data.registry_keys_opened38,data.registry_keys_opened39,data.registry_keys_opened40,data.registry_keys_opened41,data.registry_keys_opened42,data.registry_keys_opened43,data.registry_keys_opened44,data.registry_keys_opened45,data.registry_keys_opened46,data.registry_keys_opened47,data.registry_keys_opened48,data.registry_keys_opened49,data.registry_keys_opened50,data.registry_keys_opened51,data.registry_keys_opened52,data.registry_keys_opened53,data.registry_keys_opened54,data.registry_keys_opened55,data.registry_keys_opened56,data.registry_keys_opened57,data.registry_keys_opened58,data.registry_keys_opened59,data.registry_keys_opened60,data.registry_keys_opened61,data.registry_keys_opened62,data.registry_keys_opened63,data.registry_keys_opened64,data.registry_keys_opened65,data.registry_keys_opened66,data.registry_keys_opened67,data.registry_keys_opened68,data.registry_keys_opened69,data.registry_keys_opened70,data.registry_keys_opened71,data.registry_keys_opened72,data.registry_keys_opened73,data.registry_keys_opened74,data.registry_keys_opened75,data.registry_keys_opened76,data.registry_keys_opened77,data.registry_keys_opened78,data.registry_keys_opened79,data.registry_keys_opened80,data.registry_keys_opened81,data.registry_keys_opened82,data.registry_keys_opened83,data.registry_keys_opened84,data.registry_keys_opened85,data.registry_keys_opened86,data.registry_keys_opened87,data.registry_keys_opened88,data.registry_keys_opened89,data.registry_keys_opened90,data.registry_keys_opened91,data.registry_keys_opened92,data.registry_keys_opened93,data.registry_keys_opened94,data.registry_keys_opened95,data.registry_keys_opened96,data.registry_keys_opened97,data.registry_keys_opened98,data.registry_keys_opened99,data.registry_keys_opened100,data.registry_keys_opened101,data.registry_keys_opened102,data.registry_keys_opened103,data.registry_keys_opened104,data.registry_keys_opened105,data.registry_keys_opened106,data.registry_keys_opened107,data.registry_keys_opened108,data.registry_keys_opened109,data.registry_keys_opened110,data.registry_keys_opened111,data.registry_keys_opened112,data.registry_keys_opened113,data.registry_keys_opened114,data.registry_keys_opened115,data.registry_keys_opened116,data.registry_keys_opened117,data.registry_keys_opened118,data.registry_keys_opened119,data.registry_keys_opened120,data.registry_keys_opened121,data.registry_keys_opened122,data.registry_keys_opened123,data.registry_keys_opened124,data.registry_keys_opened125,data.registry_keys_opened126,data.registry_keys_opened127,data.registry_keys_opened128,data.registry_keys_opened129,data.registry_keys_opened130,data.registry_keys_opened131,data.registry_keys_opened132,data.registry_keys_opened133,data.registry_keys_opened134,data.registry_keys_opened135,data.registry_keys_opened136,data.registry_keys_opened137,data.registry_keys_opened138,data.registry_keys_opened139,data.registry_keys_opened140,data.registry_keys_opened141,data.registry_keys_opened142,data.registry_keys_opened143,data.registry_keys_opened144,data.registry_keys_opened145,data.registry_keys_opened146,data.registry_keys_opened147,data.registry_keys_opened148,data.registry_keys_opened149,data.registry_keys_opened150,data.registry_keys_opened151,data.registry_keys_opened152,data.registry_keys_opened153,data.registry_keys_opened154,data.registry_keys_opened155,data.registry_keys_opened156,data.registry_keys_opened157,data.registry_keys_opened158,data.registry_keys_opened159,data.registry_keys_opened160,data.registry_keys_opened161,data.registry_keys_opened162,data.registry_keys_opened163,data.registry_keys_opened164,data.registry_keys_opened165,data.registry_keys_opened166,data.registry_keys_opened167,data.registry_keys_opened168,data.registry_keys_opened169,data.registry_keys_opened170,data.registry_keys_opened171,data.registry_keys_opened172,data.registry_keys_opened173,data.registry_keys_opened174,data.registry_keys_opened175,data.registry_keys_opened176,data.registry_keys_opened177,data.registry_keys_opened178,data.registry_keys_opened179,data.registry_keys_opened180,data.registry_keys_opened181,data.registry_keys_opened182,data.registry_keys_opened183,data.registry_keys_opened184,data.registry_keys_opened185,data.registry_keys_opened186,data.registry_keys_opened187,data.registry_keys_opened188,data.registry_keys_opened189,data.registry_keys_opened190,data.registry_keys_opened191,data.registry_keys_opened192,data.registry_keys_opened193,data.registry_keys_opened194,data.registry_keys_opened195,data.registry_keys_opened196,data.registry_keys_opened197,data.registry_keys_opened198,data.registry_keys_opened199,data.registry_keys_opened200,data.registry_keys_opened201,data.registry_keys_opened202,data.registry_keys_opened203,data.registry_keys_opened204,data.registry_keys_opened205,data.registry_keys_opened206,data.registry_keys_opened207,data.registry_keys_opened208,data.registry_keys_opened209,data.registry_keys_opened210,data.registry_keys_opened211,data.registry_keys_opened212,data.registry_keys_opened213,data.registry_keys_opened214,data.mutexes_created0,data.registry_keys_set0.key,data.registry_keys_set0.value,data.registry_keys_set1.key,data.registry_keys_set1.value,data.registry_keys_set2.key,data.registry_keys_set2.value,data.registry_keys_set3.key,data.registry_keys_set3.value,data.registry_keys_set4.key,data.registry_keys_set4.value,data.registry_keys_set5.key,data.registry_keys_set5.value,data.registry_keys_set6.key,data.registry_keys_set6.value,data.registry_keys_set7.key,data.registry_keys_set7.value,data.registry_keys_set8.key,data.registry_keys_set8.value,data.registry_keys_set9.key,data.registry_keys_set9.value,data.registry_keys_set10.key,data.registry_keys_set10.value,data.registry_keys_set11.key,data.registry_keys_set11.value,data.registry_keys_set12.key,data.registry_keys_set12.value,data.registry_keys_set13.key,data.registry_keys_set13.value,data.registry_keys_set14.key,data.registry_keys_set14.value,data.registry_keys_set15.key,data.registry_keys_set15.value,data.registry_keys_set16.key,data.registry_keys_set16.value,data.registry_keys_set17.key,data.registry_keys_set17.value,data.registry_keys_set18.key,data.registry_keys_set18.value,data.registry_keys_set19.key,data.registry_keys_set19.value,data.registry_keys_set20.key,data.registry_keys_set20.value,data.registry_keys_set21.key,data.registry_keys_set21.value,data.registry_keys_set22.key,data.registry_keys_set22.value,data.registry_keys_set23.key,data.registry_keys_set23.value,data.registry_keys_set24.key,data.registry_keys_set24.value,data.tags0,data.mutexes_opened0,data.mutexes_opened1,data.mutexes_opened2,data.ip_traffic0.transport_layer_protocol,data.ip_traffic0.destination_ip,data.ip_traffic0.destination_port,data.ip_traffic1.transport_layer_protocol,data.ip_traffic1.destination_ip,data.ip_traffic1.destination_port,data.crypto_plain_text0,data.crypto_plain_text1,data.crypto_plain_text2,data.crypto_plain_text3,data.crypto_plain_text4,data.crypto_plain_text5,data.crypto_plain_text6,data.crypto_plain_text7,data.crypto_plain_text8,data.crypto_plain_text9,data.crypto_plain_text10,data.crypto_plain_text11,data.crypto_plain_text12,data.crypto_plain_text13,data.crypto_plain_text14,data.crypto_plain_text15,data.crypto_plain_text16,data.crypto_plain_text17,data.crypto_plain_text18,data.crypto_plain_text19,data.crypto_plain_text20,data.dns_lookups0.resolved_ips0,data.dns_lookups0.hostname,data.text_highlighted0,data.services_opened0,data.services_opened1,data.services_opened2,data.calls_highlighted0,data.http_conversations0.url,data.http_conversations0.request_method,data.http_conversations1.url,data.http_conversations1.request_method,data.http_conversations2.url,data.http_conversations2.request_method,data.http_conversations3.url,data.http_conversations3.request_method,data.files_opened0,data.files_opened1,data.files_opened2,data.files_opened3,data.files_opened4,data.files_opened5,data.files_opened6,data.files_opened7,data.files_opened8,data.files_opened9,data.files_opened10,data.files_opened11,data.files_opened12,data.files_opened13,data.files_opened14,data.files_opened15,data.files_opened16,data.files_opened17,data.files_opened18,data.files_opened19,data.modules_loaded0,data.modules_loaded1,data.modules_loaded2,data.modules_loaded3,data.modules_loaded4,data.modules_loaded5,data.modules_loaded6,data.modules_loaded7,data.modules_loaded8,data.modules_loaded9,data.modules_loaded10,data.modules_loaded11,data.modules_loaded12,data.modules_loaded13,data.modules_loaded14,data.modules_loaded15,data.modules_loaded16,data.modules_loaded17,data.modules_loaded18,data.modules_loaded19,data.modules_loaded20,data.modules_loaded21,data.modules_loaded22,data.modules_loaded23,data.modules_loaded24,data.modules_loaded25,data.modules_loaded26,data.modules_loaded27,data.modules_loaded28,data.modules_loaded29,data.modules_loaded30,data.modules_loaded31,data.modules_loaded32,data.modules_loaded33,data.modules_loaded34,data.modules_loaded35,data.modules_loaded36,data.modules_loaded37,data.modules_loaded38,data.modules_loaded39,data.modules_loaded40,data.modules_loaded41,data.modules_loaded42,data.modules_loaded43,data.modules_loaded44,data.modules_loaded45,data.modules_loaded46,data.modules_loaded47,data.modules_loaded48,data.modules_loaded49,data.modules_loaded50,data.modules_loaded51,data.modules_loaded52,data.modules_loaded53,data.modules_loaded54,data.modules_loaded55,data.modules_loaded56,data.modules_loaded57,data.modules_loaded58,data.modules_loaded59,data.modules_loaded60,data.modules_loaded61
HKLM\SOFTWARE\Microsoft\OLEAUT,HKLM\Software\Microsoft\Windows\CurrentVersion\Internet Settings,HKLM\Software\Policies\Microsoft\Windows\CurrentVersion\Internet Settings,HKCU\SOFTWARE\Microsoft\Windows\CurrentVersion\Internet Settings,HKLM\Software\Policies,HKCU\Software,HKLM\Software\Policies\Microsoft\Internet Explorer,HKLM\Software\Policies\Microsoft\Internet Explorer\Main\FeatureControl,HKCU\Software\Microsoft\Internet Explorer\Main\FeatureControl,HKLM\Software\Microsoft\Windows\CurrentVersion\Internet Settings\5.0\Cache,HKCU\Software\Microsoft\Windows\CurrentVersion\Internet Settings\5.0\Cache\Content,HKLM\Software\Microsoft\Windows\CurrentVersion\Explorer\FolderDescriptions,HKLM\Software\Microsoft\Windows\CurrentVersion\Explorer\FolderDescriptions\{352481E8-33BE-4251-BA85-6007CAEDCF9D},HKLM\Software\Microsoft\Windows\CurrentVersion\Explorer\FolderDescriptions\{352481E8-33BE-4251-BA85-6007CAEDCF9D}\PropertyBag,HKCU\Software\Microsoft\Windows\CurrentVersion\Explorer,HKCU\Software\Microsoft\Windows\CurrentVersion\Explorer\SessionInfo\1,HKCU\Software\Microsoft\Windows\CurrentVersion\Explorer\SessionInfo\1\KnownFolders,HKCU\Software\Microsoft\Windows\CurrentVersion\Explorer\User Shell Folders,HKLM\Software\Policies\Microsoft\Windows\Explorer,HKLM\Software\Microsoft\Windows\CurrentVersion\Explorer\FolderDescriptions\{F1B32785-6FBA-4FCF-9D55-7B8E7F157091},HKLM\Software\Microsoft\Windows\CurrentVersion\Explorer\FolderDescriptions\{F1B32785-6FBA-4FCF-9D55-7B8E7F157091}\PropertyBag,HKLM\Software\Microsoft\Windows\CurrentVersion\Explorer\FolderDescriptions\{5E6C858F-0E22-4760-9AFE-EA3317B67173},HKLM\Software\Microsoft\Windows\CurrentVersion\Explorer\FolderDescriptions\{5E6C858F-0E22-4760-9AFE-EA3317B67173}\PropertyBag,HKLM\Software\Microsoft\Windows NT\CurrentVersion\ProfileList\S-1-5-21-364843204-231886559-199882026-1001,HKCU\Software\Microsoft\Windows\CurrentVersion\Internet Settings\5.0\Cache\Cookies,HKLM\Software\Microsoft\Windows\CurrentVersion\Explorer\FolderDescriptions\{2B0F765D-C0E9-4171-908E-08A611B84FF6},HKLM\Software\Microsoft\Windows\CurrentVersion\Explorer\FolderDescriptions\{2B0F765D-C0E9-4171-908E-08A611B84FF6}\PropertyBag,HKLM\Software\Microsoft\Windows\CurrentVersion\Explorer\FolderDescriptions\{3EB685DB-65F9-4CF6-A03A-E3EF65729F3D},HKLM\Software\Microsoft\Windows\CurrentVersion\Explorer\FolderDescriptions\{3EB685DB-65F9-4CF6-A03A-E3EF65729F3D}\PropertyBag,HKCU\Software\Microsoft\Windows\CurrentVersion\Internet Settings\5.0\Cache\History,HKLM\Software\Microsoft\Windows\CurrentVersion\Explorer\FolderDescriptions\{D9DC8A3B-B784-432E-A781-5A1130A75963},HKLM\Software\Microsoft\Windows\CurrentVersion\Explorer\FolderDescriptions\{D9DC8A3B-B784-432E-A781-5A1130A75963}\PropertyBag,HKCU\Software\Microsoft\Windows\CurrentVersion\Internet Settings\5.0\Cache\Extensible Cache,HKCU\Software\Microsoft\Windows\CurrentVersion\Internet Settings\5.0\Cache\Extensible Cache\DOMStore,HKCU\Software\Microsoft\Windows\CurrentVersion\Internet Settings\5.0\Cache\Extensible Cache\feedplat,HKCU\Software\Microsoft\Windows\CurrentVersion\Internet Settings\5.0\Cache\Extensible Cache\ietld,HKCU\Software\Microsoft\Windows\CurrentVersion\Internet Settings\5.0\Cache\Extensible Cache\MSHist012019112620191127,HKCU\Software\Microsoft\Windows\CurrentVersion\Internet Settings\5.0\Cache\Extensible Cache\PrivacIE:,HKCU\SOFTWARE\Policies\Microsoft\Windows\CurrentVersion\Internet Settings,HKCU\Software\Microsoft\Internet Explorer\Main\FeatureControl\RETRY_HEADERONLYPOST_ONCONNECTIONRESET,HKCU\Software\Microsoft\Internet Explorer\Main\FeatureControl\FEATURE_BUFFERBREAKING_818408,HKCU\Software\Microsoft\Internet Explorer\Main\FeatureControl\FEATURE_SKIP_POST_RETRY_ON_INTERNETWRITEFILE_KB895954,HKCU\SOFTWARE\Microsoft\Windows\CurrentVersion\Internet Settings\5.0\Cache,HKLM\SOFTWARE\Policies\Microsoft\Windows\CurrentVersion\Internet Settings\5.0\Cache,HKCU\Software\Microsoft\Internet Explorer\Main\FeatureControl\FEATURE_FIX_CHUNKED_PROXY_SCRIPT_DOWNLOAD_KB843289,HKCU\Software\Microsoft\Internet Explorer\Main\FeatureControl\FEATURE_USE_CNAME_FOR_SPN_KB911149,HKCU\Software\Microsoft\Internet Explorer\Main\FeatureControl\FEATURE_DISABLE_NOTIFY_UNVERIFIED_SPN_KB2385266,HKCU\Software\Microsoft\Internet Explorer\Main\FeatureControl\FEATURE_COMPAT_USE_CONNECTION_BASED_NEGOTIATE_AUTH_KB2151543,HKCU\Software\Microsoft\Internet Explorer\Main\FeatureControl\FEATURE_ALLOW_LONG_INTERNATIONAL_FILENAMES,HKCU\Software\Microsoft\Internet Explorer\Main\FeatureControl\FEATURE_PERMIT_CACHE_FOR_AUTHENTICATED_FTP_KB910274,HKCU\Software\Microsoft\Internet Explorer\Main\FeatureControl\FEATURE_DISABLE_UNICODE_HANDLE_CLOSING_CALLBACK,HKCU\Software\Microsoft\Internet Explorer\Main\FeatureControl\FEATURE_DISALLOW_NULL_IN_RESPONSE_HEADERS,HKCU\Software\Microsoft\Internet Explorer\Main\FeatureControl\FEATURE_DIGEST_NO_EXTRAS_IN_URI,HKLM\Software\Microsoft\Internet Explorer\Main\FeatureControl\FEATURE_ENABLE_PASSPORT_SESSION_STORE_KB948608,HKCU\Software\Microsoft\Internet Explorer\Main\FeatureControl\FEATURE_EXCLUDE_INVALID_CLIENT_CERT_KB929477,HKCU\Software\Microsoft\Internet Explorer\Main\FeatureControl\FEATURE_USE_UTF8_FOR_BASIC_AUTH_KB967545,HKCU\Software\Microsoft\Internet Explorer\Main\FeatureControl\FEATURE_RELEASE_KEYS_ON_UNLOAD_KB975619,HKCU\Software\Microsoft\Internet Explorer\Main\FeatureControl\FEATURE_SECURITY_FLAG_IGNORE_REVOCATION_KB2275828,HKCU\Software\Microsoft\windows\CurrentVersion\Internet Settings\Wpad,HKCU\Software\Microsoft\Internet Explorer\Main\FeatureControl\FEATURE_RETURN_FAILED_CONNECT_CONTENT_KB942615,HKCU\Software\Microsoft\Internet Explorer\Main\FeatureControl\FEATURE_INCLUDE_PORT_IN_SPN_KB908209,HKCU\Software\Microsoft\Internet Explorer\Main\FeatureControl\FEATURE_MIME_HANDLING,HKLM\Software\Microsoft\Tracing,HKLM\Software\Microsoft\Tracing\write64_RASAPI32,HKLM\Software\Microsoft\Windows NT\CurrentVersion\ProfileList,HKLM\Software\Microsoft\Tracing\write64_RASMANCS,HKU\S-1-5-21-364843204-231886559-199882026-1001\Software\Microsoft\Windows\CurrentVersion\Explorer\User Shell Folders,HKLM\System\CurrentControlSet\Control\SQMServiceList,HKU\S-1-5-21-364843204-231886559-199882026-1001,HKLM\System\Setup,HKU\S-1-5-21-364843204-231886559-199882026-1001\Software\Microsoft\windows\CurrentVersion\Internet Settings,HKU\S-1-5-21-364843204-231886559-199882026-1001\Software\Microsoft\windows\CurrentVersion\Internet Settings\Connections,HKCR\AutoProxyTypes,HKCR\AutoProxyTypes\Application/x-internet-signup,HKCR\AutoProxyTypes\Application/x-ns-proxy-autoconfig,HKCU\SOFTWARE\Microsoft\Windows NT\CurrentVersion\Network\Location Awareness,HKLM\System\CurrentControlSet\Services\WinSock2\Parameters,HKCU\Software\Microsoft\Internet Explorer\Main\FeatureControl\FEATURE_HTTP_USERNAME_PASSWORD_DISABLE,HKLM\System\CurrentControlSet\Services\Tcpip\Parameters,HKLM\System\CurrentControlSet\Services\DnsCache\Parameters,HKLM\Software\Policies\Microsoft\Windows NT\DnsClient,HKLM\Software\Policies\Microsoft\System\DNSClient,HKLM\SYSTEM\CurrentControlSet\Services\Winsock\Parameters,HKLM\System\CurrentControlSet\Services\Tcpip6\Parameters\Winsock,HKLM\System\CurrentControlSet\Services\Tcpip\Parameters\Winsock,HKLM\SYSTEM\CurrentControlSet\Services\Winsock\Setup Migration\Providers,HKLM\SYSTEM\CurrentControlSet\Services\Winsock\Setup Migration\Providers\Tcpip,HKLM\SYSTEM\CurrentControlSet\Services\Winsock\Setup Migration\Providers\Tcpip6,HKLM\Software\Microsoft\COM3,HKCU\CLSID\{DCB00C01-570F-4A9B-8D69-199FDBA5723B},HKCU\CLSID\{DCB00C01-570F-4A9B-8D69-199FDBA5723B}\InprocServer32,HKLM\Software\Microsoft\OLE,HKCU\CLSID\{DCB00C01-570F-4A9B-8D69-199FDBA5723B}\TreatAs,HKCU\CLSID\{A47979D2-C419-11D9-A5B4-001185AD2B89},HKCU\CLSID\{A47979D2-C419-11D9-A5B4-001185AD2B89}\InprocServer32,HKCU\AppID\write64.exe,HKLM\Software\Microsoft\OLE\AppCompat,HKLM\SOFTWARE\Microsoft\OLE,HKLM\SOFTWARE\Microsoft\Cryptography\Defaults\Provider\Microsoft Strong Cryptographic Provider,HKLM\Software\Policies\Microsoft\Cryptography,HKLM\Software\Microsoft\Cryptography,HKLM\Software\Microsoft\Cryptography\Offload,HKCU\Interface\{00000134-0000-0000-C000-000000000046},HKCU\Interface\{00000134-0000-0000-C000-000000000046}\ProxyStubClsid32,HKLM\SYSTEM\CurrentControlSet\Services\BFE,HKLM\Software\Microsoft\Ole,HKCU\Interface\{D0074FFD-570F-4A9B-8D69-199FDBA5723B},HKCU\Interface\{D0074FFD-570F-4A9B-8D69-199FDBA5723B}\ProxyStubClsid32,HKCU\CLSID\{1299CF18-C4F5-4B6A-BB0F-2299F0398E27},HKCU\CLSID\{1299CF18-C4F5-4B6A-BB0F-2299F0398E27}\InprocServer32,HKCU\CLSID\{1299CF18-C4F5-4B6A-BB0F-2299F0398E27}\TreatAs,HKCU\Interface\{26656EAA-54EB-4E6F-8F85-4F0EF901A406},HKCU\Interface\{26656EAA-54EB-4E6F-8F85-4F0EF901A406}\ProxyStubClsid32,HKCU\Interface\{8A40A45D-055C-4B62-ABD7-6D613E2CEAEC},HKCU\Interface\{8A40A45D-055C-4B62-ABD7-6D613E2CEAEC}\ProxyStubClsid32,HKCU\Interface\{55272A00-42CB-11CE-8135-00AA004BB851},HKCU\Interface\{55272A00-42CB-11CE-8135-00AA004BB851}\ProxyStubClsid32,HKCU\CLSID\{B196B286-BAB4-101A-B69C-00AA00341D07},HKCU\CLSID\{B196B286-BAB4-101A-B69C-00AA00341D07}\InprocServer32,HKCU\CLSID\{B196B286-BAB4-101A-B69C-00AA00341D07}\TreatAs,HKLM\Software\Microsoft\OleAut,HKCU\Interface\{BCD1DE7E-2DB1-418B-B047-4A74E101F8C1},HKCU\Interface\{BCD1DE7E-2DB1-418B-B047-4A74E101F8C1}\ProxyStubClsid32,HKCU\Interface\{2A1C9EB2-DF62-4154-B800-63278FCB8037},HKCU\Interface\{2A1C9EB2-DF62-4154-B800-63278FCB8037}\ProxyStubClsid32,HKCU\Software\Microsoft\windows\CurrentVersion\Internet Settings\Wpad\{9B35D1C4-8158-4F38-975C-0A8F00BE26A0},HKLM\SYSTEM\CurrentControlSet\Services\Tcpip6\Parameters\Interfaces\{AE434C4A-85E5-4595-83E0-5F53070D058E},HKLM\System\CurrentControlSet\Services\Tcpip\Parameters\Interfaces,HKLM\System\CurrentControlSet\Services\Tcpip\Parameters\Interfaces\{ae434c4a-85e5-4595-83e0-5f53070d058e},HKLM\SYSTEM\CurrentControlSet\Services\Tcpip\Parameters\Interfaces\{AE434C4A-85E5-4595-83E0-5F53070D058E},HKLM\SYSTEM\CurrentControlSet\Services\NetBT\Linkage,HKLM\SYSTEM\CurrentControlSet\Services\Tcpip6\Parameters\Interfaces\{846EE342-7039-11DE-9D20-806E6F6E6963},HKLM\System\CurrentControlSet\Services\Tcpip\Parameters\Interfaces\{846ee342-7039-11de-9d20-806e6f6e6963},HKLM\SYSTEM\CurrentControlSet\Services\Tcpip\Parameters\Interfaces\{846EE342-7039-11DE-9D20-806E6F6E6963},HKLM\System\CurrentControlSet\Services\Tcpip\Parameters\Interfaces\{ee0bf7a5-eb1c-46bb-b402-49abe2114f9f},HKLM\SYSTEM\CurrentControlSet\Services\Tcpip\Linkage,HKCU\Software\Microsoft\windows\CurrentVersion\Internet Settings\Wpad\52-54-00-12-35-02,HKCU\Software\Microsoft\windows\CurrentVersion\Internet Settings\Wpad\{9B35D1C4-8158-4F38-975C-0A8F00BE26A0}\52-54-00-12-35-02,HKCU\Software\Microsoft\Internet Explorer\Main\FeatureControl\FEATURE_IGNORE_POLICIES_ZONEMAP_IF_ESC_ENABLED_KB918915,HKLM\Software\Policies\Microsoft\Windows\CurrentVersion\Internet Settings\ZoneMap\Domains,HKLM\Software\Policies\Microsoft\Windows\CurrentVersion\Internet Settings\ZoneMap\Ranges,HKCU\Software\Microsoft\Internet Explorer\Main\FeatureControl\FEATURE_UNC_SAVEDFILECHECK,HKCU\Software\Microsoft\Windows\CurrentVersion\Internet Settings\ZoneMap,HKCU\Software\Microsoft\Internet Explorer\Main\FeatureControl\FEATURE_ZONES_CHECK_ZONEMAP_POLICY_KB941001,HKLM\Software\Policies\Microsoft\Windows\CurrentVersion\Internet Settings\ZoneMap,HKCU\Software\Microsoft\Windows\CurrentVersion\Internet Settings\ZoneMap\Ranges,HKCU\Software\Microsoft\Windows\CurrentVersion\Internet Settings\ZoneMap\ProtocolDefaults,HKCU\Software\Microsoft\Windows\CurrentVersion\Internet Settings\ZoneMap\Domains,HKCU\Software\Microsoft\Internet Explorer\Security,HKLM\System\Setup\SystemSetupInProgress,HKCU\Software\Microsoft\Windows\CurrentVersion\Internet Settings\Zones,HKCU\Software\Microsoft\Windows\CurrentVersion\Internet Settings\Zones\0,HKCU\Software\Microsoft\Windows\CurrentVersion\Internet Settings\Zones\1,HKCU\Software\Microsoft\Windows\CurrentVersion\Internet Settings\Zones\2,HKCU\Software\Microsoft\Windows\CurrentVersion\Internet Settings\Zones\3,HKCU\Software\Microsoft\Windows\CurrentVersion\Internet Settings\Zones\4,HKLM\Software\Policies\Microsoft\Windows\CurrentVersion\Internet Settings\Zones,HKLM\Software\Policies\Microsoft\Windows\CurrentVersion\Internet Settings\Zones\0,HKLM\Software\Policies\Microsoft\Windows\CurrentVersion\Internet Settings\Zones\1,HKLM\Software\Policies\Microsoft\Windows\CurrentVersion\Internet Settings\Zones\2,HKLM\Software\Policies\Microsoft\Windows\CurrentVersion\Internet Settings\Zones\3,HKLM\Software\Policies\Microsoft\Windows\CurrentVersion\Internet Settings\Zones\4,HKCU\Software\Microsoft\Internet Explorer\Main\FeatureControl\FEATURE_LOCALMACHINE_LOCKDOWN,HKLM\Software\Policies\Microsoft\Windows\CurrentVersion\Internet Settings\Lockdown_Zones,HKCU\Software\Microsoft\Windows\CurrentVersion\Internet Settings\Lockdown_Zones,HKCU\Software\Microsoft\Windows\CurrentVersion\Internet Settings\Lockdown_Zones\0,HKLM\Software\Policies\Microsoft\Windows\CurrentVersion\Internet Settings\Lockdown_Zones\0,HKCU\Software\Microsoft\Windows\CurrentVersion\Internet Settings\Lockdown_Zones\1,HKLM\Software\Policies\Microsoft\Windows\CurrentVersion\Internet Settings\Lockdown_Zones\1,HKCU\Software\Microsoft\Windows\CurrentVersion\Internet Settings\Lockdown_Zones\2,HKLM\Software\Policies\Microsoft\Windows\CurrentVersion\Internet Settings\Lockdown_Zones\2,HKCU\Software\Microsoft\Windows\CurrentVersion\Internet Settings\Lockdown_Zones\3,HKLM\Software\Policies\Microsoft\Windows\CurrentVersion\Internet Settings\Lockdown_Zones\3,HKCU\Software\Microsoft\Windows\CurrentVersion\Internet Settings\Lockdown_Zones\4,HKLM\Software\Policies\Microsoft\Windows\CurrentVersion\Internet Settings\Lockdown_Zones\4,HKCU\Software\Microsoft\Internet Explorer\Main\FeatureControl\FEATURE_ALLOW_REVERSE_SOLIDUS_IN_USERINFO_KB932562,HKCU\Software\Microsoft\Internet Explorer\Main\FeatureControl\FEATURE_USE_IETLDLIST_FOR_DOMAIN_DETERMINATION,HKLM\System\CurrentControlSet\Control\LSA\AccessProviders,HKLM\System\CurrentControlSet\Services\LDAP,HKLM\System\CurrentControlSet\Services\LDAP\UseOldHostResolutionOrder,HKLM\System\CurrentControlSet\Services\LDAP\UseHostnameAsAlias,HKCU\Software\Microsoft\Internet Explorer\IETld,HKLM\SOFTWARE\Microsoft\Windows\CurrentVersion\Internet Settings\WinHttp\Tracing,HKLM\SOFTWARE\Microsoft\Windows\CurrentVersion\Internet Settings\WinHttp,HKLM\System\CurrentControlSet\Control\LsaExtensionConfig\SspiCli,HKLM\System\CurrentControlSet\Control\SecurityProviders,HKLM\System\CurrentControlSet\Control\Lsa\SspiCache,HKLM\System\CurrentControlSet\Control\Lsa\SspiCache\credssp.dll,HKLM\System\CurrentControlSet\Control\SecurityProviders\SaslProfiles,HKLM\Software\Microsoft\windows\CurrentVersion\Internet Settings\Connections,HKLM\System\CurrentControlSet\Control\Class\{4d36e972-e325-11ce-bfc1-08002be10318},HKLM\SOFTWARE\Microsoft\Cryptography\Defaults\Provider\Microsoft Enhanced RSA and AES Cryptographic Provider,HKLM\Software\Microsoft\Windows NT\CurrentVersion\ProfileList\S-1-5-21-364843204-231886559-199882026-1001\Preference,HKLM\Software\Microsoft\Cryptography\DESHashSessionKeyBackward,HKLM\Software\Microsoft\Cryptography\OID,HKLM\Software\Microsoft\Cryptography\OID\EncodingType 0,HKLM\Software\Microsoft\Cryptography\OID\EncodingType 0\CryptDllDecodeObjectEx,HKLM\Software\Microsoft\Cryptography\OID\EncodingType 1,HKLM\Software\Microsoft\Cryptography\OID\EncodingType 1\CryptDllDecodeObjectEx,HKLM\Software\Microsoft\Cryptography\OID\EncodingType 1\CryptDllDecodeObjectEx\1.2.840.113549.1.9.16.1.1,HKLM\Software\Microsoft\Cryptography\OID\EncodingType 1\CryptDllDecodeObjectEx\1.2.840.113549.1.9.16.2.1,HKLM\Software\Microsoft\Cryptography\OID\EncodingType 1\CryptDllDecodeObjectEx\1.2.840.113549.1.9.16.2.11,HKLM\Software\Microsoft\Cryptography\OID\EncodingType 1\CryptDllDecodeObjectEx\1.2.840.113549.1.9.16.2.12,HKLM\Software\Microsoft\Cryptography\OID\EncodingType 1\CryptDllDecodeObjectEx\1.2.840.113549.1.9.16.2.2,HKLM\Software\Microsoft\Cryptography\OID\EncodingType 1\CryptDllDecodeObjectEx\1.2.840.113549.1.9.16.2.3,HKLM\Software\Microsoft\Cryptography\OID\EncodingType 1\CryptDllDecodeObjectEx\1.2.840.113549.1.9.16.2.4,HKLM\SOFTWARE\Microsoft\Windows NT\CurrentVersion\msasn1,HKLM\SOFTWARE\Microsoft\Cryptography\Defaults\Provider\Microsoft Enhanced Cryptographic Provider v1.0,HKLM\Software\Microsoft\Cryptography\OID\EncodingType 0\CryptDllImportPublicKeyInfoEx,HKLM\Software\Microsoft\Cryptography\OID\EncodingType 1\CryptDllImportPublicKeyInfoEx,HKLM\Software\Microsoft\Cryptography\OID\EncodingType 0\CryptDllConvertPublicKeyInfo,HKLM\Software\Microsoft\Cryptography\OID\EncodingType 1\CryptDllConvertPublicKeyInfo,HKLM\system\CurrentControlSet\control\NetworkProvider\HwOrder,HKLM\System\CurrentControlSet\Services\LanmanWorkstation\Parameters,HKLM\Software\Policies\Microsoft\Windows NT\Rpc,IESQMMUTEX_0_208,HKLM\Software\Microsoft\Tracing\write64_RASAPI32\EnableFileTracing,0,HKLM\Software\Microsoft\Tracing\write64_RASAPI32\EnableConsoleTracing,0,HKLM\Software\Microsoft\Tracing\write64_RASAPI32\FileTracingMask,-65536,HKLM\Software\Microsoft\Tracing\write64_RASAPI32\ConsoleTracingMask,-65536,HKLM\Software\Microsoft\Tracing\write64_RASAPI32\MaxFileSize,1048576,HKLM\Software\Microsoft\Tracing\write64_RASAPI32\FileDirectory,%windir%\tracing,HKLM\Software\Microsoft\Tracing\write64_RASMANCS\EnableFileTracing,0,HKLM\Software\Microsoft\Tracing\write64_RASMANCS\EnableConsoleTracing,0,HKLM\Software\Microsoft\Tracing\write64_RASMANCS\FileTracingMask,-65536,HKLM\Software\Microsoft\Tracing\write64_RASMANCS\ConsoleTracingMask,-65536,HKLM\Software\Microsoft\Tracing\write64_RASMANCS\MaxFileSize,1048576,HKLM\Software\Microsoft\Tracing\write64_RASMANCS\FileDirectory,%windir%\tracing,HKU\S-1-5-21-364843204-231886559-199882026-1001\Software\Microsoft\windows\CurrentVersion\Internet Settings\ProxyEnable,0,HKU\S-1-5-21-364843204-231886559-199882026-1001\Software\Microsoft\windows\CurrentVersion\Internet Settings\Connections\SavedLegacySettings,70,HKCU\Software\Microsoft\windows\CurrentVersion\Internet Settings\Wpad\{9B35D1C4-8158-4F38-975C-0A8F00BE26A0}\WpadDecisionReason,1,HKCU\Software\Microsoft\windows\CurrentVersion\Internet Settings\Wpad\{9B35D1C4-8158-4F38-975C-0A8F00BE26A0}\WpadDecisionTime,1285528448,HKCU\Software\Microsoft\windows\CurrentVersion\Internet Settings\Wpad\{9B35D1C4-8158-4F38-975C-0A8F00BE26A0}\WpadDecision,3,HKCU\Software\Microsoft\windows\CurrentVersion\Internet Settings\Wpad\{9B35D1C4-8158-4F38-975C-0A8F00BE26A0}\WpadNetworkName,N,HKCU\Software\Microsoft\windows\CurrentVersion\Internet Settings\Wpad\52-54-00-12-35-02\WpadDecisionReason,1,HKCU\Software\Microsoft\windows\CurrentVersion\Internet Settings\Wpad\52-54-00-12-35-02\WpadDecisionTime,1285528448,HKCU\Software\Microsoft\windows\CurrentVersion\Internet Settings\Wpad\52-54-00-12-35-02\WpadDecision,3,HKU\S-1-5-21-364843204-231886559-199882026-1001\Software\Microsoft\windows\CurrentVersion\Internet Settings\Connections\DefaultConnectionSettings,70,HKCU\Software\Microsoft\windows\CurrentVersion\Internet Settings\Wpad\WpadLastNetwork,{,HKCU\Software\Microsoft\Windows\CurrentVersion\Internet Settings\ZoneMap\UNCAsIntranet,0,HKCU\Software\Microsoft\Windows\CurrentVersion\Internet Settings\ZoneMap\AutoDetect,1,RUNTIME_MODULES,Local\c:!users!<USER>!appdata!local!microsoft!windows!temporary internet files!content.ie5!,Local\c:!users!<USER>!appdata!roaming!microsoft!windows!cookies!,Local\c:!users!<USER>!appdata!local!microsoft!windows!history!history.ie5!,TCP,187.20.45.61,8080,TCP,187.20.45.61,8080,ï¿½ï¿½ï¿½ï¿½ï¿½mrwiYNï¿½Oï¿½ï¿½ï¿½ï¿½ï¿½mPï¿½Txï¿½ï¿½ï¿½&,ï¿½ï¿½ï¿½ï¿½ï¿½core_machine_idï¿½ï¿½ï¿½ï¿½)ï¿½ï¿½98990129059280646435426864597605ï¿½,ï¿½ï¿½ï¿½ï¿½ï¿½core_machine_idï¿½ï¿½ï¿½ï¿½)ï¿½ï¿½98990129059280646435426864597605ï¿½ï¿½ï¿½ï¿½ï¿½ï¿½71d2-c847:USER-PCï¿½ï¿½ï¿½ï¿½ï¿½ï¿½ï¿½ï¿½ï¿½ï¿½ï¿½ï¿½ï¿½ï¿½ï¿½^ï¿½Vï¿½ï¿½$ï¿½ï¿½ï¿½_n+,ï¿½ï¿½ï¿½ï¿½ï¿½core_set_session_guidï¿½ï¿½ï¿½ï¿½)ï¿½ï¿½63833281625720123684597878292875ï¿½ï¿½ï¿½ï¿½ï¿½ï¿½_Dï¿½ï¿½JHTï¿½ï¿½ï¿½aï¿½ï¿½ï¿½,ï¿½ï¿½ï¿½ï¿½ï¿½core_set_session_guidï¿½ï¿½ï¿½ï¿½)ï¿½ï¿½63833281625720123684597878292875ï¿½ï¿½ï¿½ï¿½ï¿½ï¿½ï¿½ï¿½ï¿½ï¿½ï¿½ï¿½ï¿½ï¿½ï¿½^ï¿½Vï¿½ï¿½$ï¿½ï¿½ï¿½_n+,"ï¿½ï¿½ï¿½ï¿½ï¿½core_enumextcmdï¿½ï¿½ï¿½ï¿½)ï¿½ï¿½71153199961668133588124266776272ï¿½ï¿½ï¿½ï¿½ï¿½ï¿½
stdapiï¿½",ï¿½ï¿½ï¿½ï¿½ï¿½core_enumextcmdï¿½ï¿½ï¿½ï¿½)ï¿½ï¿½71153199961668133588124266776272ï¿½ï¿½ï¿½ï¿½ï¿½ï¿½ï¿½ï¿½ï¿½ï¿½ï¿½ï¿½ï¿½ï¿½ï¿½^ï¿½Vï¿½ï¿½$ï¿½ï¿½ï¿½_n+,"ï¿½ï¿½ï¿½ï¿½ï¿½core_loadlibï¿½ï¿½ï¿½ï¿½)ï¿½ï¿½97168424039502042623362148955355ï¿½ï¿½ï¿½ ï¿½ï¿½Zï¿½xï¿½ï¿½ï¿½{|TÕµ8>ï¿½3Iï¿½Qï¿½2Ú©ï¿½ï¿½ï¿½ï¿½mÒ¡:'s&9CN$
ï¿½(iC1Vï¿½)ï¿½ï¿½ï¿½ï¿½ï¿½ï¿½ï¿½ï¿½ï¿½Qï¿½Ú«ï¿½ï¿½ï¿½ï¿½ï¿½ï¿½ï¿½[[ï¿½jï¿½ï¿½ï¿½LÂ›Xï¿½Z3Fl%	ï¿½ï¿½[kï¿½3ï¿½Iï¿½ï¿½ï¿½ï¿½ï¿½?ï¿½Lï¿½>gï¿½ï¿½^{ï¿½ï¿½ï¿½^{ï¿½ï¿½kn^g",ï¿½ï¿½ï¿½ï¿½ï¿½core_loadlibï¿½ï¿½ï¿½ï¿½)ï¿½ï¿½97168424039502042623362148955355ï¿½ï¿½ï¿½ï¿½ï¿½ï¿½webcam_audio_recordï¿½ï¿½ï¿½ï¿½ï¿½ï¿½webcam_stopï¿½ï¿½ï¿½ï¿½ï¿½ï¿½webcam_get_frameï¿½ï¿½ï¿½ï¿½ï¿½ï¿½webcam_startï¿½ï¿½ï¿½ï¿½ï¿½ï¿½webcam_listï¿½ï¿½ï¿½ï¿½%ï¿½ï¿½stdapi_sys_power,ï¿½ï¿½ï¿½!ï¿½ï¿½stdapi_sys_config_getuidï¿½ï¿½ï¿½ï¿½)ï¿½ï¿½48767681312506365109919954230871ï¿½,ï¿½ï¿½ï¿½!ï¿½ï¿½stdapi_sys_config_getuidï¿½ï¿½ï¿½ï¿½)ï¿½ï¿½48767681312506365109919954230871ï¿½ï¿½ï¿½ï¿½ï¿½USER-PC\<USER>ï¿½ï¿½ï¿½ï¿½ï¿½ï¿½ï¿½ï¿½ï¿½ï¿½ï¿½ï¿½ï¿½ï¿½ï¿½^ï¿½Vï¿½ï¿½$ï¿½ï¿½ï¿½_n+,"ï¿½ï¿½ï¿½""ï¿½ï¿½stdapi_sys_config_sysinfoï¿½ï¿½ï¿½ï¿½)ï¿½ï¿½48959318490053704061908787426544ï¿½","ï¿½ï¿½ï¿½""ï¿½ï¿½stdapi_sys_config_sysinfoï¿½ï¿½ï¿½ï¿½)ï¿½ï¿½48959318490053704061908787426544ï¿½ï¿½ï¿½ï¿½ï¿½USER-PCï¿½ï¿½ï¿½ï¿½0ï¿½Windows 7 (Build 7601, Service Pack 1).ï¿½ï¿½ï¿½ï¿½ï¿½x64ï¿½ï¿½ï¿½ï¿½ï¿½en_USï¿½ï¿½ï¿½ï¿½ï¿½WORKGROUPï¿½ï¿½ï¿½ï¿½ï¿½ï¿½ï¿½ï¿½ï¿½ï¿½ï¿½ï¿½",ï¿½ï¿½ï¿½)ï¿½ï¿½stdapi_net_config_get_interfacesï¿½ï¿½ï¿½ï¿½)ï¿½ï¿½38303032601050920745049834885097ï¿½,ï¿½ï¿½ï¿½)ï¿½ï¿½stdapi_net_config_get_interfacesï¿½ï¿½ï¿½ï¿½)ï¿½ï¿½38303032601050920745049834885097ï¿½ï¿½ï¿½ï¿½ï¿½@ï¿½ï¿½ï¿½ï¿½ï¿½ï¿½|ï¿½ï¿½ï¿½ï¿½ï¿½ï¿½ï¿½ï¿½ï¿½'Î¥ï¿½ï¿½ï¿½ï¿½-ï¿½ï¿½Intel(R) PRO/1000 MT Desktop Adapterï¿½ï¿½ï¿½ï¿½ï¿½zï¿½ï¿½ï¿½ï¿½ï¿½ï¿½ï¿½ï¿½ï¿½ï¿½ï¿½@ï¿½ï¿½ï¿½ï¿½ï¿½ï¿½ï¿½ï¿½ï¿½ï¿½ï¿½ï¿½ï¿½,ï¿½ï¿½ï¿½%ï¿½ï¿½stdapi_net_config_get_routesï¿½ï¿½ï¿½ï¿½)ï¿½ï¿½91019559075961332255937284321540ï¿½,"ï¿½ï¿½ï¿½%ï¿½ï¿½stdapi_net_config_get_routesï¿½ï¿½ï¿½ï¿½)ï¿½ï¿½91019559075961332255937284321540ï¿½ï¿½ï¿½ï¿½C@ï¿½ï¿½ï¿½ï¿½ï¿½ï¿½ï¿½ï¿½ï¿½ï¿½ï¿½ï¿½ï¿½ï¿½ï¿½ï¿½ï¿½ï¿½ï¿½ï¿½ï¿½ï¿½ï¿½ï¿½ï¿½
ï¿½ï¿½ï¿½ï¿½ï¿½ï¿½
11ï¿½ï¿½ï¿½ï¿½ï¿½ï¿½ï¿½ï¿½ï¿½
ï¿½ï¿½ï¿½C@ï¿½ï¿½ï¿½ï¿½ï¿½ï¿½ï¿½
ï¿½ï¿½ï¿½ï¿½ï¿½ï¿½ï¿½ï¿½ï¿½ï¿½ï¿½ï¿½ï¿½ï¿½ï¿½ï¿½
ï¿½ï¿½ï¿½ï¿½ï¿½ï¿½
11ï¿½","ï¿½ï¿½ï¿½ï¿½ï¿½core_enumextcmdï¿½ï¿½ï¿½ï¿½)ï¿½ï¿½40501930419241439728713892990034ï¿½ï¿½ï¿½ï¿½ï¿½ï¿½
privï¿½",ï¿½ï¿½ï¿½ï¿½ï¿½core_enumextcmdï¿½ï¿½ï¿½ï¿½)ï¿½ï¿½40501930419241439728713892990034ï¿½ï¿½ï¿½ï¿½ï¿½ï¿½ï¿½ï¿½ï¿½ï¿½ï¿½ï¿½ï¿½ï¿½ï¿½^ï¿½Vï¿½ï¿½$ï¿½ï¿½ï¿½_n+,"ï¿½ï¿½ï¿½ï¿½ï¿½core_loadlibï¿½ï¿½ï¿½ï¿½)ï¿½ï¿½86526429316316722363058813644213ï¿½ï¿½ï¿½ï¿½o ï¿½ï¿½ï¿½ï¿½xï¿½ï¿½ï¿½y|SUï¿½8ï¿½4	M7nï¿½ï¿½1`ï¿½ï¿½Õ‚ï¿½ï¿½ï¿½4ï¿½Iï¿½ï¿½lZï¿½0ï¿½THXFï¿½ï¿½4ï¿½pÌˆï¿½3::ï¿½ÌŒ3:ï¿½ï¿½Ì¸P@%iï¿½ï¿½ï¿½ï¿½ï¿½
È«S\ohYï¿½ï¿½ï¿½>ï¿½snÒ°8ï¿½ï¿½ï¿½ï¿½ï¿½~ï¿½irï¿½Ùžï¿½=ï¿½ï¿½ï¿½sN\ï¿½Ü ï¿½i4=|Eï¿½ï¿½ï¿½ï¿½ï¿½R",ï¿½ï¿½ï¿½ï¿½ï¿½core_loadlibï¿½ï¿½ï¿½ï¿½)ï¿½ï¿½86526429316316722363058813644213ï¿½ï¿½ï¿½ï¿½%ï¿½ï¿½priv_fs_blank_directory_maceï¿½ï¿½ï¿½ï¿½ ï¿½ï¿½priv_fs_blank_file_maceï¿½ï¿½ï¿½ï¿½(ï¿½ï¿½priv_fs_set_file_mace_from_fileï¿½ï¿½ï¿½ï¿½ï¿½ï¿½priv_fs_set_file_mace,187.20.45.61,jirayajigsaw.duckdns.org,C:\Windows\system32\cmd.exe,Sens,RASMAN,rasman,SetFileTime,http://jirayajigsaw.duckdns.org:8080/XvVWixHZJMICswOxX24duwc_VBnFH6ApuLfYxZNaLRKsdVzppKnPS0hYTlP4PV8cMD1f8aJ6mWerFoKyV4VmWduZb5YXizTsrRUDf9KL4mXSpq5k-zjfZwIxmBhKRKv,GET,http://jirayajigsaw.duckdns.org:8080/XvVWixHZJMICswOxX24dKwlq0P-k2icq9l5s33xiNelMcHLsS7WDl-0qmqmNTv3osP7DB1kpOYnxuRUD/,GET,http://jirayajigsaw.duckdns.org:8080/XvVWixHZJMICswOxX24dKwlq0P-k2icq9l5s33xiNelMcHLsS7WDl-0qmqmNTv3osP7DB1kpOYnxuRUD/,POST,http://jirayajigsaw.duckdns.org:8080/XvVWixHZJMICswOxX24dKwlq0P-k2icq9l5s33xiNelMcHLsS7WDl-0qmqmNTv3osP7DB1kpOYnxuRUD/,POST,C:\Users\admin,C:\Users\<USER>\AppData\Local,C:\Users\<USER>\AppData\Local\Microsoft\Windows\Temporary Internet Files,C:\Users\<USER>\AppData\Local\Microsoft\Windows\Temporary Internet Files\desktop.ini,C:\Users\<USER>\AppData\Local\Microsoft\Windows\Temporary Internet Files\Content.IE5,C:\Users\<USER>\AppData\Local\Microsoft\Windows\Temporary Internet Files\Content.IE5\desktop.ini,C:\Users\<USER>\AppData\Roaming,C:\Users\<USER>\AppData\Roaming\Microsoft\Windows\Cookies,C:\Users\<USER>\AppData\Local\Microsoft\Windows\History,C:\Users\<USER>\AppData\Local\Microsoft\Windows\History\desktop.ini,C:\Users\<USER>\AppData\Local\Microsoft\Windows\History\History.IE5,C:\Users\<USER>\AppData\Local\Microsoft\Windows\History\History.IE5\desktop.ini,C:\Users\<USER>\AppData\Local\Microsoft\Windows\Temporary Internet Files\Content.IE5\index.dat,C:\Users\<USER>\AppData\Roaming\Microsoft\Windows\Cookies\index.dat,C:\Users\<USER>\AppData\Local\Microsoft\Windows\History\History.IE5\index.dat,.\Nsi,C:\Windows\system32\rsaenh.dll,C:\Users\<USER>\AppData\Roaming\Microsoft\Crypto\RSA\S-1-5-21-364843204-231886559-199882026-1001\0f5007522459c86e95ffcc62f32308f1_0ac6fe2c-e3b8-4bf7-8fb0-24e2aba3d4f5,C:\Users\<USER>\AppData\Roaming\Microsoft\Crypto\RSA\S-1-5-21-364843204-231886559-199882026-1001\0f5007522459c86e95ffcc62f32308f1_e6e14898-69f1-4a37-bb5d-fa7a300fc614,.\PIPE\wkssvc,wininet,comctl32.dll,SspiCli.dll,SHELL32.dll,ole32.dll,ADVAPI32.dll,API-MS-Win-Security-SDDL-L1-1-0.dll,profapi.dll,ws2_32,dnsapi,iphlpapi,kernel32.dll,wininet.dll,RASAPI32.dll,rtutils.dll,shlwapi.dll,RASMAN.DLL,API-MS-WIN-Service-winsvc-L1-1-0.dll,sensapi.dll,RPCRT4.dll,API-MS-WIN-Service-Management-L1-1-0.dll,CRYPTBASE.dll,C:\Windows\system32\NLAapi.dll,IPHLPAPI.DLL,rasadhlp.dll,C:\Windows\system32\napinsp.dll,C:\Windows\system32\pnrpnsp.dll,C:\Windows\System32\mswsock.dll,DNSAPI.dll,C:\Windows\System32\winrnr.dll,WS2_32.dll,C:\Windows\System32\wshtcpip.dll,C:\Windows\System32\wship6.dll,C:\Windows\System32\fwpuclnt.dll,CLBCatQ.DLL,C:\Windows\System32\netprofm.dll,API-MS-Win-Security-LSALookup-L1-1-0.dll,CRYPTSP.dll,C:\Windows\system32\rsaenh.dll,RpcRtRemote.dll,C:\Windows\System32\npmproxy.dll,OLEAUT32.dll,C:\Windows\system32\oleaut32.dll,DHCPCSVC.DLL,dhcpcsvc6.DLL,urlmon.dll,ntmarta.dll,VERSION.dll,CRYPT32.dll,WINHTTP.dll,USER32.dll,credssp.dll,ntdll.dll,NSI.dll,CFGMGR32.dll,USERENV.dll,PSAPI.DLL,WINMM.dll,MPR.dll,NETAPI32.dll,wkscli.dll,cscapi.dll
