meta.count,data0.attributes.last_dns_records0.type,data0.attributes.last_dns_records0.value,data0.attributes.last_dns_records0.ttl,data0.attributes.last_dns_records1.type,data0.attributes.last_dns_records1.value,data0.attributes.last_dns_records1.ttl,data0.attributes.last_dns_records2.type,data0.attributes.last_dns_records2.value,data0.attributes.last_dns_records2.ttl,data0.attributes.last_dns_records3.type,data0.attributes.last_dns_records3.value,data0.attributes.last_dns_records3.ttl,data0.attributes.last_dns_records4.type,data0.attributes.last_dns_records4.value,data0.attributes.last_dns_records4.ttl,data0.attributes.last_dns_records5.type,data0.attributes.last_dns_records5.value,data0.attributes.last_dns_records5.ttl,data0.attributes.last_dns_records6.type,data0.attributes.last_dns_records6.value,data0.attributes.last_dns_records6.ttl,data0.attributes.jarm,data0.attributes.whois,data0.attributes.last_https_certificate_date,data0.attributes.popularity_ranks.Cisco Umbrella.timestamp,data0.attributes.popularity_ranks.Cisco Umbrella.rank,data0.attributes.last_dns_records_date,data0.attributes.last_analysis_stats.harmless,data0.attributes.last_analysis_stats.malicious,data0.attributes.last_analysis_stats.suspicious,data0.attributes.last_analysis_stats.undetected,data0.attributes.last_analysis_stats.timeout,data0.attributes.creation_date,data0.attributes.reputation,data0.attributes.registrar,data0.attributes.last_analysis_results.CMC Threat Intelligence.category,data0.attributes.last_analysis_results.CMC Threat Intelligence.result,data0.attributes.last_analysis_results.CMC Threat Intelligence.method,data0.attributes.last_analysis_results.CMC Threat Intelligence.engine_name,data0.attributes.last_analysis_results.Snort IP sample list.category,data0.attributes.last_analysis_results.Snort IP sample list.result,data0.attributes.last_analysis_results.Snort IP sample list.method,data0.attributes.last_analysis_results.Snort IP sample list.engine_name,data0.attributes.last_analysis_results.0xSI_f33d.category,data0.attributes.last_analysis_results.0xSI_f33d.result,data0.attributes.last_analysis_results.0xSI_f33d.method,data0.attributes.last_analysis_results.0xSI_f33d.engine_name,data0.attributes.last_analysis_results.Armis.category,data0.attributes.last_analysis_results.Armis.result,data0.attributes.last_analysis_results.Armis.method,data0.attributes.last_analysis_results.Armis.engine_name,data0.attributes.last_analysis_results.Comodo Valkyrie Verdict.category,data0.attributes.last_analysis_results.Comodo Valkyrie Verdict.result,data0.attributes.last_analysis_results.Comodo Valkyrie Verdict.method,data0.attributes.last_analysis_results.Comodo Valkyrie Verdict.engine_name,data0.attributes.last_analysis_results.PhishLabs.category,data0.attributes.last_analysis_results.PhishLabs.result,data0.attributes.last_analysis_results.PhishLabs.method,data0.attributes.last_analysis_results.PhishLabs.engine_name,data0.attributes.last_analysis_results.K7AntiVirus.category,data0.attributes.last_analysis_results.K7AntiVirus.result,data0.attributes.last_analysis_results.K7AntiVirus.method,data0.attributes.last_analysis_results.K7AntiVirus.engine_name,data0.attributes.last_analysis_results.CINS Army.category,data0.attributes.last_analysis_results.CINS Army.result,data0.attributes.last_analysis_results.CINS Army.method,data0.attributes.last_analysis_results.CINS Army.engine_name,data0.attributes.last_analysis_results.Quttera.category,data0.attributes.last_analysis_results.Quttera.result,data0.attributes.last_analysis_results.Quttera.method,data0.attributes.last_analysis_results.Quttera.engine_name,data0.attributes.last_analysis_results.OpenPhish.category,data0.attributes.last_analysis_results.OpenPhish.result,data0.attributes.last_analysis_results.OpenPhish.method,data0.attributes.last_analysis_results.OpenPhish.engine_name,data0.attributes.last_analysis_results.VX Vault.category,data0.attributes.last_analysis_results.VX Vault.result,data0.attributes.last_analysis_results.VX Vault.method,data0.attributes.last_analysis_results.VX Vault.engine_name,data0.attributes.last_analysis_results.Web Security Guard.category,data0.attributes.last_analysis_results.Web Security Guard.result,data0.attributes.last_analysis_results.Web Security Guard.method,data0.attributes.last_analysis_results.Web Security Guard.engine_name,data0.attributes.last_analysis_results.Scantitan.category,data0.attributes.last_analysis_results.Scantitan.result,data0.attributes.last_analysis_results.Scantitan.method,data0.attributes.last_analysis_results.Scantitan.engine_name,data0.attributes.last_analysis_results.AlienVault.category,data0.attributes.last_analysis_results.AlienVault.result,data0.attributes.last_analysis_results.AlienVault.method,data0.attributes.last_analysis_results.AlienVault.engine_name,data0.attributes.last_analysis_results.Sophos.category,data0.attributes.last_analysis_results.Sophos.result,data0.attributes.last_analysis_results.Sophos.method,data0.attributes.last_analysis_results.Sophos.engine_name,data0.attributes.last_analysis_results.Phishtank.category,data0.attributes.last_analysis_results.Phishtank.result,data0.attributes.last_analysis_results.Phishtank.method,data0.attributes.last_analysis_results.Phishtank.engine_name,data0.attributes.last_analysis_results.EonScope.category,data0.attributes.last_analysis_results.EonScope.result,data0.attributes.last_analysis_results.EonScope.method,data0.attributes.last_analysis_results.EonScope.engine_name,data0.attributes.last_analysis_results.Cyan.category,data0.attributes.last_analysis_results.Cyan.result,data0.attributes.last_analysis_results.Cyan.method,data0.attributes.last_analysis_results.Cyan.engine_name,data0.attributes.last_analysis_results.Spam404.category,data0.attributes.last_analysis_results.Spam404.result,data0.attributes.last_analysis_results.Spam404.method,data0.attributes.last_analysis_results.Spam404.engine_name,data0.attributes.last_analysis_results.SecureBrain.category,data0.attributes.last_analysis_results.SecureBrain.result,data0.attributes.last_analysis_results.SecureBrain.method,data0.attributes.last_analysis_results.SecureBrain.engine_name,data0.attributes.last_analysis_results.Hoplite Industries.category,data0.attributes.last_analysis_results.Hoplite Industries.result,data0.attributes.last_analysis_results.Hoplite Industries.method,data0.attributes.last_analysis_results.Hoplite Industries.engine_name,data0.attributes.last_analysis_results.CRDF.category,data0.attributes.last_analysis_results.CRDF.result,data0.attributes.last_analysis_results.CRDF.method,data0.attributes.last_analysis_results.CRDF.engine_name,data0.attributes.last_analysis_results.Fortinet.category,data0.attributes.last_analysis_results.Fortinet.result,data0.attributes.last_analysis_results.Fortinet.method,data0.attributes.last_analysis_results.Fortinet.engine_name,data0.attributes.last_analysis_results.alphaMountain.ai.category,data0.attributes.last_analysis_results.alphaMountain.ai.result,data0.attributes.last_analysis_results.alphaMountain.ai.method,data0.attributes.last_analysis_results.alphaMountain.ai.engine_name,data0.attributes.last_analysis_results.Lionic.category,data0.attributes.last_analysis_results.Lionic.result,data0.attributes.last_analysis_results.Lionic.method,data0.attributes.last_analysis_results.Lionic.engine_name,data0.attributes.last_analysis_results.Virusdie External Site Scan.category,data0.attributes.last_analysis_results.Virusdie External Site Scan.result,data0.attributes.last_analysis_results.Virusdie External Site Scan.method,data0.attributes.last_analysis_results.Virusdie External Site Scan.engine_name,data0.attributes.last_analysis_results.Google Safebrowsing.category,data0.attributes.last_analysis_results.Google Safebrowsing.result,data0.attributes.last_analysis_results.Google Safebrowsing.method,data0.attributes.last_analysis_results.Google Safebrowsing.engine_name,data0.attributes.last_analysis_results.SafeToOpen.category,data0.attributes.last_analysis_results.SafeToOpen.result,data0.attributes.last_analysis_results.SafeToOpen.method,data0.attributes.last_analysis_results.SafeToOpen.engine_name,data0.attributes.last_analysis_results.ADMINUSLabs.category,data0.attributes.last_analysis_results.ADMINUSLabs.result,data0.attributes.last_analysis_results.ADMINUSLabs.method,data0.attributes.last_analysis_results.ADMINUSLabs.engine_name,data0.attributes.last_analysis_results.CyberCrime.category,data0.attributes.last_analysis_results.CyberCrime.result,data0.attributes.last_analysis_results.CyberCrime.method,data0.attributes.last_analysis_results.CyberCrime.engine_name,data0.attributes.last_analysis_results.Heimdal Security.category,data0.attributes.last_analysis_results.Heimdal Security.result,data0.attributes.last_analysis_results.Heimdal Security.method,data0.attributes.last_analysis_results.Heimdal Security.engine_name,data0.attributes.last_analysis_results.AutoShun.category,data0.attributes.last_analysis_results.AutoShun.result,data0.attributes.last_analysis_results.AutoShun.method,data0.attributes.last_analysis_results.AutoShun.engine_name,data0.attributes.last_analysis_results.Trustwave.category,data0.attributes.last_analysis_results.Trustwave.result,data0.attributes.last_analysis_results.Trustwave.method,data0.attributes.last_analysis_results.Trustwave.engine_name,data0.attributes.last_analysis_results.AICC (MONITORAPP).category,data0.attributes.last_analysis_results.AICC (MONITORAPP).result,data0.attributes.last_analysis_results.AICC (MONITORAPP).method,data0.attributes.last_analysis_results.AICC (MONITORAPP).engine_name,data0.attributes.last_analysis_results.CyRadar.category,data0.attributes.last_analysis_results.CyRadar.result,data0.attributes.last_analysis_results.CyRadar.method,data0.attributes.last_analysis_results.CyRadar.engine_name,data0.attributes.last_analysis_results.Dr.Web.category,data0.attributes.last_analysis_results.Dr.Web.result,data0.attributes.last_analysis_results.Dr.Web.method,data0.attributes.last_analysis_results.Dr.Web.engine_name,data0.attributes.last_analysis_results.Emsisoft.category,data0.attributes.last_analysis_results.Emsisoft.result,data0.attributes.last_analysis_results.Emsisoft.method,data0.attributes.last_analysis_results.Emsisoft.engine_name,data0.attributes.last_analysis_results.Abusix.category,data0.attributes.last_analysis_results.Abusix.result,data0.attributes.last_analysis_results.Abusix.method,data0.attributes.last_analysis_results.Abusix.engine_name,data0.attributes.last_analysis_results.Webroot.category,data0.attributes.last_analysis_results.Webroot.result,data0.attributes.last_analysis_results.Webroot.method,data0.attributes.last_analysis_results.Webroot.engine_name,data0.attributes.last_analysis_results.Avira.category,data0.attributes.last_analysis_results.Avira.result,data0.attributes.last_analysis_results.Avira.method,data0.attributes.last_analysis_results.Avira.engine_name,data0.attributes.last_analysis_results.securolytics.category,data0.attributes.last_analysis_results.securolytics.result,data0.attributes.last_analysis_results.securolytics.method,data0.attributes.last_analysis_results.securolytics.engine_name,data0.attributes.last_analysis_results.Antiy-AVL.category,data0.attributes.last_analysis_results.Antiy-AVL.result,data0.attributes.last_analysis_results.Antiy-AVL.method,data0.attributes.last_analysis_results.Antiy-AVL.engine_name,data0.attributes.last_analysis_results.Acronis.category,data0.attributes.last_analysis_results.Acronis.result,data0.attributes.last_analysis_results.Acronis.method,data0.attributes.last_analysis_results.Acronis.engine_name,data0.attributes.last_analysis_results.Quick Heal.category,data0.attributes.last_analysis_results.Quick Heal.result,data0.attributes.last_analysis_results.Quick Heal.method,data0.attributes.last_analysis_results.Quick Heal.engine_name,data0.attributes.last_analysis_results.ESTsecurity-Threat Inside.category,data0.attributes.last_analysis_results.ESTsecurity-Threat Inside.result,data0.attributes.last_analysis_results.ESTsecurity-Threat Inside.method,data0.attributes.last_analysis_results.ESTsecurity-Threat Inside.engine_name,data0.attributes.last_analysis_results.DNS8.category,data0.attributes.last_analysis_results.DNS8.result,data0.attributes.last_analysis_results.DNS8.method,data0.attributes.last_analysis_results.DNS8.engine_name,data0.attributes.last_analysis_results.benkow.cc.category,data0.attributes.last_analysis_results.benkow.cc.result,data0.attributes.last_analysis_results.benkow.cc.method,data0.attributes.last_analysis_results.benkow.cc.engine_name,data0.attributes.last_analysis_results.EmergingThreats.category,data0.attributes.last_analysis_results.EmergingThreats.result,data0.attributes.last_analysis_results.EmergingThreats.method,data0.attributes.last_analysis_results.EmergingThreats.engine_name,data0.attributes.last_analysis_results.Yandex Safebrowsing.category,data0.attributes.last_analysis_results.Yandex Safebrowsing.result,data0.attributes.last_analysis_results.Yandex Safebrowsing.method,data0.attributes.last_analysis_results.Yandex Safebrowsing.engine_name,data0.attributes.last_analysis_results.MalwareDomainList.category,data0.attributes.last_analysis_results.MalwareDomainList.result,data0.attributes.last_analysis_results.MalwareDomainList.method,data0.attributes.last_analysis_results.MalwareDomainList.engine_name,data0.attributes.last_analysis_results.Lumu.category,data0.attributes.last_analysis_results.Lumu.result,data0.attributes.last_analysis_results.Lumu.method,data0.attributes.last_analysis_results.Lumu.engine_name,data0.attributes.last_analysis_results.zvelo.category,data0.attributes.last_analysis_results.zvelo.result,data0.attributes.last_analysis_results.zvelo.method,data0.attributes.last_analysis_results.zvelo.engine_name,data0.attributes.last_analysis_results.Kaspersky.category,data0.attributes.last_analysis_results.Kaspersky.result,data0.attributes.last_analysis_results.Kaspersky.method,data0.attributes.last_analysis_results.Kaspersky.engine_name,data0.attributes.last_analysis_results.Segasec.category,data0.attributes.last_analysis_results.Segasec.result,data0.attributes.last_analysis_results.Segasec.method,data0.attributes.last_analysis_results.Segasec.engine_name,data0.attributes.last_analysis_results.Sucuri SiteCheck.category,data0.attributes.last_analysis_results.Sucuri SiteCheck.result,data0.attributes.last_analysis_results.Sucuri SiteCheck.method,data0.attributes.last_analysis_results.Sucuri SiteCheck.engine_name,data0.attributes.last_analysis_results.desenmascara.me.category,data0.attributes.last_analysis_results.desenmascara.me.result,data0.attributes.last_analysis_results.desenmascara.me.method,data0.attributes.last_analysis_results.desenmascara.me.engine_name,data0.attributes.last_analysis_results.URLhaus.category,data0.attributes.last_analysis_results.URLhaus.result,data0.attributes.last_analysis_results.URLhaus.method,data0.attributes.last_analysis_results.URLhaus.engine_name,data0.attributes.last_analysis_results.PREBYTES.category,data0.attributes.last_analysis_results.PREBYTES.result,data0.attributes.last_analysis_results.PREBYTES.method,data0.attributes.last_analysis_results.PREBYTES.engine_name,data0.attributes.last_analysis_results.StopForumSpam.category,data0.attributes.last_analysis_results.StopForumSpam.result,data0.attributes.last_analysis_results.StopForumSpam.method,data0.attributes.last_analysis_results.StopForumSpam.engine_name,data0.attributes.last_analysis_results.Blueliv.category,data0.attributes.last_analysis_results.Blueliv.result,data0.attributes.last_analysis_results.Blueliv.method,data0.attributes.last_analysis_results.Blueliv.engine_name,data0.attributes.last_analysis_results.Netcraft.category,data0.attributes.last_analysis_results.Netcraft.result,data0.attributes.last_analysis_results.Netcraft.method,data0.attributes.last_analysis_results.Netcraft.engine_name,data0.attributes.last_analysis_results.ZeroCERT.category,data0.attributes.last_analysis_results.ZeroCERT.result,data0.attributes.last_analysis_results.ZeroCERT.method,data0.attributes.last_analysis_results.ZeroCERT.engine_name,data0.attributes.last_analysis_results.Phishing Database.category,data0.attributes.last_analysis_results.Phishing Database.result,data0.attributes.last_analysis_results.Phishing Database.method,data0.attributes.last_analysis_results.Phishing Database.engine_name,data0.attributes.last_analysis_results.MalwarePatrol.category,data0.attributes.last_analysis_results.MalwarePatrol.result,data0.attributes.last_analysis_results.MalwarePatrol.method,data0.attributes.last_analysis_results.MalwarePatrol.engine_name,data0.attributes.last_analysis_results.MalBeacon.category,data0.attributes.last_analysis_results.MalBeacon.result,data0.attributes.last_analysis_results.MalBeacon.method,data0.attributes.last_analysis_results.MalBeacon.engine_name,data0.attributes.last_analysis_results.IPsum.category,data0.attributes.last_analysis_results.IPsum.result,data0.attributes.last_analysis_results.IPsum.method,data0.attributes.last_analysis_results.IPsum.engine_name,data0.attributes.last_analysis_results.Spamhaus.category,data0.attributes.last_analysis_results.Spamhaus.result,data0.attributes.last_analysis_results.Spamhaus.method,data0.attributes.last_analysis_results.Spamhaus.engine_name,data0.attributes.last_analysis_results.Malwared.category,data0.attributes.last_analysis_results.Malwared.result,data0.attributes.last_analysis_results.Malwared.method,data0.attributes.last_analysis_results.Malwared.engine_name,data0.attributes.last_analysis_results.BitDefender.category,data0.attributes.last_analysis_results.BitDefender.result,data0.attributes.last_analysis_results.BitDefender.method,data0.attributes.last_analysis_results.BitDefender.engine_name,data0.attributes.last_analysis_results.GreenSnow.category,data0.attributes.last_analysis_results.GreenSnow.result,data0.attributes.last_analysis_results.GreenSnow.method,data0.attributes.last_analysis_results.GreenSnow.engine_name,data0.attributes.last_analysis_results.G-Data.category,data0.attributes.last_analysis_results.G-Data.result,data0.attributes.last_analysis_results.G-Data.method,data0.attributes.last_analysis_results.G-Data.engine_name,data0.attributes.last_analysis_results.StopBadware.category,data0.attributes.last_analysis_results.StopBadware.result,data0.attributes.last_analysis_results.StopBadware.method,data0.attributes.last_analysis_results.StopBadware.engine_name,data0.attributes.last_analysis_results.SCUMWARE.org.category,data0.attributes.last_analysis_results.SCUMWARE.org.result,data0.attributes.last_analysis_results.SCUMWARE.org.method,data0.attributes.last_analysis_results.SCUMWARE.org.engine_name,data0.attributes.last_analysis_results.malwares.com URL checker.category,data0.attributes.last_analysis_results.malwares.com URL checker.result,data0.attributes.last_analysis_results.malwares.com URL checker.method,data0.attributes.last_analysis_results.malwares.com URL checker.engine_name,data0.attributes.last_analysis_results.NotMining.category,data0.attributes.last_analysis_results.NotMining.result,data0.attributes.last_analysis_results.NotMining.method,data0.attributes.last_analysis_results.NotMining.engine_name,data0.attributes.last_analysis_results.Forcepoint ThreatSeeker.category,data0.attributes.last_analysis_results.Forcepoint ThreatSeeker.result,data0.attributes.last_analysis_results.Forcepoint ThreatSeeker.method,data0.attributes.last_analysis_results.Forcepoint ThreatSeeker.engine_name,data0.attributes.last_analysis_results.Certego.category,data0.attributes.last_analysis_results.Certego.result,data0.attributes.last_analysis_results.Certego.method,data0.attributes.last_analysis_results.Certego.engine_name,data0.attributes.last_analysis_results.ESET.category,data0.attributes.last_analysis_results.ESET.result,data0.attributes.last_analysis_results.ESET.method,data0.attributes.last_analysis_results.ESET.engine_name,data0.attributes.last_analysis_results.Threatsourcing.category,data0.attributes.last_analysis_results.Threatsourcing.result,data0.attributes.last_analysis_results.Threatsourcing.method,data0.attributes.last_analysis_results.Threatsourcing.engine_name,data0.attributes.last_analysis_results.MalSilo.category,data0.attributes.last_analysis_results.MalSilo.result,data0.attributes.last_analysis_results.MalSilo.method,data0.attributes.last_analysis_results.MalSilo.engine_name,data0.attributes.last_analysis_results.Nucleon.category,data0.attributes.last_analysis_results.Nucleon.result,data0.attributes.last_analysis_results.Nucleon.method,data0.attributes.last_analysis_results.Nucleon.engine_name,data0.attributes.last_analysis_results.BADWARE.INFO.category,data0.attributes.last_analysis_results.BADWARE.INFO.result,data0.attributes.last_analysis_results.BADWARE.INFO.method,data0.attributes.last_analysis_results.BADWARE.INFO.engine_name,data0.attributes.last_analysis_results.ThreatHive.category,data0.attributes.last_analysis_results.ThreatHive.result,data0.attributes.last_analysis_results.ThreatHive.method,data0.attributes.last_analysis_results.ThreatHive.engine_name,data0.attributes.last_analysis_results.FraudScore.category,data0.attributes.last_analysis_results.FraudScore.result,data0.attributes.last_analysis_results.FraudScore.method,data0.attributes.last_analysis_results.FraudScore.engine_name,data0.attributes.last_analysis_results.Tencent.category,data0.attributes.last_analysis_results.Tencent.result,data0.attributes.last_analysis_results.Tencent.method,data0.attributes.last_analysis_results.Tencent.engine_name,data0.attributes.last_analysis_results.Bfore.Ai PreCrime.category,data0.attributes.last_analysis_results.Bfore.Ai PreCrime.result,data0.attributes.last_analysis_results.Bfore.Ai PreCrime.method,data0.attributes.last_analysis_results.Bfore.Ai PreCrime.engine_name,data0.attributes.last_analysis_results.Baidu-International.category,data0.attributes.last_analysis_results.Baidu-International.result,data0.attributes.last_analysis_results.Baidu-International.method,data0.attributes.last_analysis_results.Baidu-International.engine_name,data0.attributes.last_update_date,data0.attributes.last_modification_date,data0.attributes.last_https_certificate.public_key.algorithm,data0.attributes.last_https_certificate.public_key.ec.oid,data0.attributes.last_https_certificate.public_key.ec.pub,data0.attributes.last_https_certificate.thumbprint_sha256,data0.attributes.last_https_certificate.signature_algorithm,data0.attributes.last_https_certificate.subject.CN,data0.attributes.last_https_certificate.subject.C,data0.attributes.last_https_certificate.subject.L,data0.attributes.last_https_certificate.subject.O,data0.attributes.last_https_certificate.subject.ST,data0.attributes.last_https_certificate.validity.not_after,data0.attributes.last_https_certificate.validity.not_before,data0.attributes.last_https_certificate.version,data0.attributes.last_https_certificate.extensions.certificate_policies0,data0.attributes.last_https_certificate.extensions.extended_key_usage0,data0.attributes.last_https_certificate.extensions.extended_key_usage1,data0.attributes.last_https_certificate.extensions.subject_alternative_name0,data0.attributes.last_https_certificate.extensions.subject_alternative_name1,data0.attributes.last_https_certificate.extensions.subject_alternative_name2,data0.attributes.last_https_certificate.extensions.subject_alternative_name3,data0.attributes.last_https_certificate.extensions.subject_alternative_name4,data0.attributes.last_https_certificate.extensions.authority_key_identifier.keyid,data0.attributes.last_https_certificate.extensions.ca_information_access.CA Issuers,data0.attributes.last_https_certificate.extensions.ca_information_access.OCSP,data0.attributes.last_https_certificate.extensions.subject_key_identifier,data0.attributes.last_https_certificate.extensions.crl_distribution_points0,data0.attributes.last_https_certificate.extensions.crl_distribution_points1,data0.attributes.last_https_certificate.extensions.key_usage0,data0.attributes.last_https_certificate.extensions.1.3.6.1.4.1.11129.2.4.2,data0.attributes.last_https_certificate.extensions.CA,data0.attributes.last_https_certificate.cert_signature.signature_algorithm,data0.attributes.last_https_certificate.cert_signature.signature,data0.attributes.last_https_certificate.serial_number,data0.attributes.last_https_certificate.thumbprint,data0.attributes.last_https_certificate.issuer.C,data0.attributes.last_https_certificate.issuer.CN,data0.attributes.last_https_certificate.issuer.O,data0.attributes.last_https_certificate.size,data0.attributes.categories.Forcepoint ThreatSeeker,data0.attributes.categories.Sophos,data0.attributes.categories.BitDefender,data0.attributes.categories.Comodo Valkyrie Verdict,data0.attributes.categories.alphaMountain.ai,data0.attributes.total_votes.harmless,data0.attributes.total_votes.malicious,data0.type,data0.id,data0.links.self,links.self
1,AAAA,2600:1406:40::17d7:662a,20,CNAME,crl.www.ms.akadns.net,3564,A,184.51.0.234,20,AAAA,2600:1406:40::17d7:660a,20,CNAME,crl.www.ms.akadns.net,1881,A,184.51.0.226,20,CNAME,a1363.dscg.akamai.net,300,27d27d27d29d27d21c27d27d27d27d3814097cfbaad6df205b60d0b951c0a5,"Admin City: Redmond
Admin Country: US
Admin Email: a5304ad70a67560cs@domains.microsoft
Admin Organization: Microsoft Corporation
Admin Postal Code: 98052
Admin State/Province: WA
Creation Date: 1991-05-02T04:00:00+0000
Creation Date: 1991-05-02T04:00:00Z
DNSSEC: unsigned
Domain Name: MICROSOFT.COM
Domain Name: microsoft.com
Domain Status: clientDeleteProhibited (https://www.icann.org/epp#clientDeleteProhibited)
Domain Status: clientDeleteProhibited https://icann.org/epp#clientDeleteProhibited
Domain Status: clientTransferProhibited (https://www.icann.org/epp#clientTransferProhibited)
Domain Status: clientTransferProhibited https://icann.org/epp#clientTransferProhibited
Domain Status: clientUpdateProhibited (https://www.icann.org/epp#clientUpdateProhibited)
Domain Status: clientUpdateProhibited https://icann.org/epp#clientUpdateProhibited
Domain Status: serverDeleteProhibited (https://www.icann.org/epp#serverDeleteProhibited)
Domain Status: serverDeleteProhibited https://icann.org/epp#serverDeleteProhibited
Domain Status: serverTransferProhibited (https://www.icann.org/epp#serverTransferProhibited)
Domain Status: serverTransferProhibited https://icann.org/epp#serverTransferProhibited
Domain Status: serverUpdateProhibited (https://www.icann.org/epp#serverUpdateProhibited)
Domain Status: serverUpdateProhibited https://icann.org/epp#serverUpdateProhibited
Name Server: NS1-205.AZURE-DNS.COM
Name Server: NS2-205.AZURE-DNS.NET
Name Server: NS3-205.AZURE-DNS.ORG
Name Server: NS4-205.AZURE-DNS.INFO
Name Server: ns1-205.azure-dns.com
Name Server: ns2-205.azure-dns.net
Name Server: ns3-205.azure-dns.org
Name Server: ns4-205.azure-dns.info
Registrant City: b6b1ba5f05367788
Registrant Country: US
Registrant Email: a5304ad70a67560cs@domains.microsoft
Registrant Fax Ext: 3432650ec337c945
Registrant Fax: 7d1f3c3fb96a62b3
Registrant Name: 1f33d7151e7ebf55
Registrant Organization: 628983377a05fb4c
Registrant Phone Ext: 3432650ec337c945
Registrant Phone: 8f198ff1733e2d60
Registrant Postal Code: 2908382a58eb4969
Registrant State/Province: 163b5dbd6196f461
Registrant Street: f7e82401de265d18
Registrar Abuse Contact Email: abusecomplaints@markmonitor.com
Registrar Abuse Contact Phone: +1.2083895740
Registrar Abuse Contact Phone: +1.2083895770
Registrar IANA ID: 292
Registrar Registration Expiration Date: 2022-05-02T07:00:00+0000
Registrar URL: http://www.markmonitor.com
Registrar WHOIS Server: whois.markmonitor.com
Registrar: MarkMonitor Inc.
Registrar: MarkMonitor, Inc.
Registry Domain ID: 2724960_DOMAIN_COM-VRSN
Registry Expiry Date: 2022-05-03T04:00:00Z
Tech City: Redmond
Tech Country: US
Tech Email: d68aef17879f209fs@microsoft.com
Tech Organization: Microsoft Corporation
Tech Postal Code: 98052
Tech State/Province: WA
Updated Date: 2021-03-12T23:25:32Z
Updated Date: 2021-04-07T19:58:15+0000",1635401198,1635431761,1672,1635401198,78,0,0,10,0,673156800,0,MarkMonitor Inc.,harmless,clean,blacklist,CMC Threat Intelligence,harmless,clean,blacklist,Snort IP sample list,undetected,unrated,blacklist,0xSI_f33d,harmless,clean,blacklist,Armis,undetected,unrated,blacklist,Comodo Valkyrie Verdict,undetected,unrated,blacklist,PhishLabs,harmless,clean,blacklist,K7AntiVirus,harmless,clean,blacklist,CINS Army,harmless,clean,blacklist,Quttera,harmless,clean,blacklist,OpenPhish,harmless,clean,blacklist,VX Vault,harmless,clean,blacklist,Web Security Guard,harmless,clean,blacklist,Scantitan,harmless,clean,blacklist,AlienVault,harmless,clean,blacklist,Sophos,harmless,clean,blacklist,Phishtank,harmless,clean,blacklist,EonScope,undetected,unrated,blacklist,Cyan,harmless,clean,blacklist,Spam404,harmless,clean,blacklist,SecureBrain,harmless,clean,blacklist,Hoplite Industries,harmless,clean,blacklist,CRDF,harmless,clean,blacklist,Fortinet,harmless,clean,blacklist,alphaMountain.ai,harmless,clean,blacklist,Lionic,harmless,clean,blacklist,Virusdie External Site Scan,harmless,clean,blacklist,Google Safebrowsing,undetected,unrated,blacklist,SafeToOpen,harmless,clean,blacklist,ADMINUSLabs,harmless,clean,blacklist,CyberCrime,harmless,clean,blacklist,Heimdal Security,undetected,unrated,blacklist,AutoShun,harmless,clean,blacklist,Trustwave,harmless,clean,blacklist,AICC (MONITORAPP),harmless,clean,blacklist,CyRadar,harmless,clean,blacklist,Dr.Web,harmless,clean,blacklist,Emsisoft,harmless,clean,blacklist,Abusix,harmless,clean,blacklist,Webroot,harmless,clean,blacklist,Avira,harmless,clean,blacklist,securolytics,harmless,clean,blacklist,Antiy-AVL,harmless,clean,blacklist,Acronis,harmless,clean,blacklist,Quick Heal,harmless,clean,blacklist,ESTsecurity-Threat Inside,harmless,clean,blacklist,DNS8,harmless,clean,blacklist,benkow.cc,harmless,clean,blacklist,EmergingThreats,harmless,clean,blacklist,Yandex Safebrowsing,harmless,clean,blacklist,MalwareDomainList,undetected,unrated,blacklist,Lumu,harmless,clean,blacklist,zvelo,harmless,clean,blacklist,Kaspersky,harmless,clean,blacklist,Segasec,harmless,clean,blacklist,Sucuri SiteCheck,harmless,clean,blacklist,desenmascara.me,harmless,clean,blacklist,URLhaus,harmless,clean,blacklist,PREBYTES,harmless,clean,blacklist,StopForumSpam,harmless,clean,blacklist,Blueliv,undetected,unrated,blacklist,Netcraft,harmless,clean,blacklist,ZeroCERT,harmless,clean,blacklist,Phishing Database,harmless,clean,blacklist,MalwarePatrol,harmless,clean,blacklist,MalBeacon,harmless,clean,blacklist,IPsum,harmless,clean,blacklist,Spamhaus,harmless,clean,blacklist,Malwared,harmless,clean,blacklist,BitDefender,harmless,clean,blacklist,GreenSnow,harmless,clean,blacklist,G-Data,undetected,unrated,blacklist,StopBadware,harmless,clean,blacklist,SCUMWARE.org,harmless,clean,blacklist,malwares.com URL checker,undetected,unrated,blacklist,NotMining,harmless,clean,blacklist,Forcepoint ThreatSeeker,harmless,clean,blacklist,Certego,harmless,clean,blacklist,ESET,harmless,clean,blacklist,Threatsourcing,harmless,clean,blacklist,MalSilo,harmless,clean,blacklist,Nucleon,harmless,clean,blacklist,BADWARE.INFO,harmless,clean,blacklist,ThreatHive,harmless,clean,blacklist,FraudScore,harmless,clean,blacklist,Tencent,harmless,clean,blacklist,Bfore.Ai PreCrime,harmless,clean,blacklist,Baidu-International,1617825495,1635458913,EC,secp256r1,04752f951a1ac3ea1c29597ac35c6a290d3344da5d5dd1cdcdff7a46e4d9d6ed01256560cd7653c7dcf974721950df0121f2de9190355805898309309225e96f27,ffe285a7d6d21c7e5869a28b0e1092450e082ab64d0ffbee9fb9a04863977130,sha256RSA,a248.e.akamai.net,US,Cambridge,"Akamai Technologies, Inc.",Massachusetts,2022-07-20 23:59:59,2021-07-15 00:00:00,V3,2.23.140.1.2.2,serverAuth,clientAuth,a248.e.akamai.net,*.akamaized.net,*.akamaized-staging.net,*.akamaihd.net,*.akamaihd-staging.net,0f80611c823161d52f28e78d4638b42ce1c6d9e2,http://cacerts.digicert.com/DigiCertSHA2SecureServerCA.crt,http://ocsp.digicert.com,64366aa04d1e2aeb5f03084db98efc5573776d31,http://crl3.digicert.com/ssca-sha2-g7.crl,http://crl4.digicert.com/ssca-sha2-g7.crl,ff,0482016801660075002979bef09e393921f056739f63a577e5be577d9c600af8,True,sha256RSA,26533be4c8afd539b8ac4d2bb85a765a6633d235fed028d357ff0ca991559c7f57acd47e1d446674f0f72e60a9cb08bb4de9128bef9f917df6fe73b5ee9df63bace43dca583255aea2e8d18a178d8a60fa59f7035b8d7e1f92c86c688f7939566413c36aba99d3e93f14df4b9b7e938634646cb5b9076b059514c93d349098f5ea042eede5c226d50aedfd90c94fea008d3fa8b91344b7ae29ae16a582a070fcb1e47b0fc24da8e7a31248342b22cff239b72e1a8d89b9d9dff7f86044f521fa64346d0f65ca7cec2e8ea6241749292ed3552af371a1b93703967c653c0ee0ad79d6a6bb725210cf2de8cd8ecc7cdb24e7daf29c4ca53377df6f0b94b15a2319,3322995cf2b4157e3026407d3e66715,c61b0fa47f7cc187efa3fc0712d0209160075304,US,DigiCert SHA2 Secure Server CA,DigiCert Inc,1575,information technology,"trusted update site, software updates",computersandsoftware,software-hardware,"Business/Economy, Information Technology",0,0,domain,crl.microsoft.com,https://www.virustotal.com/api/v3/domains/crl.microsoft.com,https://www.virustotal.com/api/v3/files/7828197e66f5f6efb0c89d21cdf3c34769da525437147eea72cf713a6d4e7a11/contacted_domains?limit=10
