data.attributes.type_description,data.attributes.tlsh,data.attributes.vhash,data.attributes.exiftool.MIMEType,data.attributes.exiftool.ExtraFlags,data.attributes.exiftool.ModifyDate,data.attributes.exiftool.Compression,data.attributes.exiftool.FileType,data.attributes.exiftool.Flags,data.attributes.exiftool.FileTypeExtension,data.attributes.exiftool.OperatingSystem,data.attributes.trid0.file_type,data.attributes.trid0.probability,data.attributes.private,data.attributes.names0,data.attributes.names1,data.attributes.names2,data.attributes.names3,data.attributes.names4,data.attributes.names5,data.attributes.names6,data.attributes.names7,data.attributes.names8,data.attributes.names9,data.attributes.names10,data.attributes.names11,data.attributes.names12,data.attributes.names13,data.attributes.names14,data.attributes.names15,data.attributes.names16,data.attributes.names17,data.attributes.names18,data.attributes.names19,data.attributes.names20,data.attributes.names21,data.attributes.names22,data.attributes.names23,data.attributes.names24,data.attributes.names25,data.attributes.names26,data.attributes.names27,data.attributes.names28,data.attributes.names29,data.attributes.names30,data.attributes.names31,data.attributes.names32,data.attributes.names33,data.attributes.names34,data.attributes.names35,data.attributes.names36,data.attributes.names37,data.attributes.names38,data.attributes.names39,data.attributes.names40,data.attributes.names41,data.attributes.names42,data.attributes.names43,data.attributes.names44,data.attributes.names45,data.attributes.names46,data.attributes.names47,data.attributes.names48,data.attributes.names49,data.attributes.names50,data.attributes.names51,data.attributes.names52,data.attributes.names53,data.attributes.names54,data.attributes.names55,data.attributes.names56,data.attributes.names57,data.attributes.names58,data.attributes.names59,data.attributes.names60,data.attributes.names61,data.attributes.names62,data.attributes.names63,data.attributes.names64,data.attributes.names65,data.attributes.names66,data.attributes.names67,data.attributes.names68,data.attributes.names69,data.attributes.names70,data.attributes.names71,data.attributes.names72,data.attributes.names73,data.attributes.names74,data.attributes.names75,data.attributes.names76,data.attributes.names77,data.attributes.names78,data.attributes.names79,data.attributes.names80,data.attributes.names81,data.attributes.names82,data.attributes.names83,data.attributes.names84,data.attributes.names85,data.attributes.names86,data.attributes.names87,data.attributes.names88,data.attributes.names89,data.attributes.names90,data.attributes.names91,data.attributes.names92,data.attributes.names93,data.attributes.names94,data.attributes.names95,data.attributes.names96,data.attributes.names97,data.attributes.names98,data.attributes.names99,data.attributes.last_modification_date,data.attributes.type_tag,data.attributes.times_submitted,data.attributes.total_votes.harmless,data.attributes.total_votes.malicious,data.attributes.size,data.attributes.popular_threat_classification.vhash_cluster_name0,data.attributes.popular_threat_classification.vhash_cluster_name1,data.attributes.popular_threat_classification.vhash_cluster_name2,data.attributes.popular_threat_classification.suggested_threat_label,data.attributes.popular_threat_classification.popular_threat_category0.count,data.attributes.popular_threat_classification.popular_threat_category0.value,data.attributes.popular_threat_classification.popular_threat_category1.count,data.attributes.popular_threat_classification.popular_threat_category1.value,data.attributes.popular_threat_classification.popular_threat_name0.count,data.attributes.popular_threat_classification.popular_threat_name0.value,data.attributes.popular_threat_classification.popular_threat_name1.count,data.attributes.popular_threat_classification.popular_threat_name1.value,data.attributes.popular_threat_classification.popular_threat_name2.count,data.attributes.popular_threat_classification.popular_threat_name2.value,data.attributes.bloom,data.attributes.last_submission_date,data.attributes.meaningful_name,data.attributes.downloadable,data.attributes.sha256,data.attributes.type_extension,data.attributes.tags0,data.attributes.tags1,data.attributes.last_analysis_date,data.attributes.unique_sources,data.attributes.first_submission_date,data.attributes.ssdeep,data.attributes.bundle_info.beginning,data.attributes.bundle_info.num_children,data.attributes.bundle_info.type,data.attributes.bundle_info.uncompressed_size,data.attributes.packers.Cyren,data.attributes.packers.F-PROT,data.attributes.md5,data.attributes.sha1,data.attributes.magic,data.attributes.last_analysis_stats.harmless,data.attributes.last_analysis_stats.type-unsupported,data.attributes.last_analysis_stats.suspicious,data.attributes.last_analysis_stats.confirmed-timeout,data.attributes.last_analysis_stats.timeout,data.attributes.last_analysis_stats.failure,data.attributes.last_analysis_stats.malicious,data.attributes.last_analysis_stats.undetected,data.attributes.last_analysis_results.Bkav.category,data.attributes.last_analysis_results.Bkav.engine_name,data.attributes.last_analysis_results.Bkav.engine_version,data.attributes.last_analysis_results.Bkav.result,data.attributes.last_analysis_results.Bkav.method,data.attributes.last_analysis_results.Bkav.engine_update,data.attributes.last_analysis_results.Lionic.category,data.attributes.last_analysis_results.Lionic.engine_name,data.attributes.last_analysis_results.Lionic.engine_version,data.attributes.last_analysis_results.Lionic.result,data.attributes.last_analysis_results.Lionic.method,data.attributes.last_analysis_results.Lionic.engine_update,data.attributes.last_analysis_results.Elastic.category,data.attributes.last_analysis_results.Elastic.engine_name,data.attributes.last_analysis_results.Elastic.engine_version,data.attributes.last_analysis_results.Elastic.result,data.attributes.last_analysis_results.Elastic.method,data.attributes.last_analysis_results.Elastic.engine_update,data.attributes.last_analysis_results.Cynet.category,data.attributes.last_analysis_results.Cynet.engine_name,data.attributes.last_analysis_results.Cynet.engine_version,data.attributes.last_analysis_results.Cynet.result,data.attributes.last_analysis_results.Cynet.method,data.attributes.last_analysis_results.Cynet.engine_update,data.attributes.last_analysis_results.CMC.category,data.attributes.last_analysis_results.CMC.engine_name,data.attributes.last_analysis_results.CMC.engine_version,data.attributes.last_analysis_results.CMC.result,data.attributes.last_analysis_results.CMC.method,data.attributes.last_analysis_results.CMC.engine_update,data.attributes.last_analysis_results.CAT-QuickHeal.category,data.attributes.last_analysis_results.CAT-QuickHeal.engine_name,data.attributes.last_analysis_results.CAT-QuickHeal.engine_version,data.attributes.last_analysis_results.CAT-QuickHeal.result,data.attributes.last_analysis_results.CAT-QuickHeal.method,data.attributes.last_analysis_results.CAT-QuickHeal.engine_update,data.attributes.last_analysis_results.McAfee.category,data.attributes.last_analysis_results.McAfee.engine_name,data.attributes.last_analysis_results.McAfee.engine_version,data.attributes.last_analysis_results.McAfee.result,data.attributes.last_analysis_results.McAfee.method,data.attributes.last_analysis_results.McAfee.engine_update,data.attributes.last_analysis_results.Malwarebytes.category,data.attributes.last_analysis_results.Malwarebytes.engine_name,data.attributes.last_analysis_results.Malwarebytes.engine_version,data.attributes.last_analysis_results.Malwarebytes.result,data.attributes.last_analysis_results.Malwarebytes.method,data.attributes.last_analysis_results.Malwarebytes.engine_update,data.attributes.last_analysis_results.Zillya.category,data.attributes.last_analysis_results.Zillya.engine_name,data.attributes.last_analysis_results.Zillya.engine_version,data.attributes.last_analysis_results.Zillya.result,data.attributes.last_analysis_results.Zillya.method,data.attributes.last_analysis_results.Zillya.engine_update,data.attributes.last_analysis_results.Sangfor.category,data.attributes.last_analysis_results.Sangfor.engine_name,data.attributes.last_analysis_results.Sangfor.engine_version,data.attributes.last_analysis_results.Sangfor.result,data.attributes.last_analysis_results.Sangfor.method,data.attributes.last_analysis_results.Sangfor.engine_update,data.attributes.last_analysis_results.K7AntiVirus.category,data.attributes.last_analysis_results.K7AntiVirus.engine_name,data.attributes.last_analysis_results.K7AntiVirus.engine_version,data.attributes.last_analysis_results.K7AntiVirus.result,data.attributes.last_analysis_results.K7AntiVirus.method,data.attributes.last_analysis_results.K7AntiVirus.engine_update,data.attributes.last_analysis_results.Alibaba.category,data.attributes.last_analysis_results.Alibaba.engine_name,data.attributes.last_analysis_results.Alibaba.engine_version,data.attributes.last_analysis_results.Alibaba.result,data.attributes.last_analysis_results.Alibaba.method,data.attributes.last_analysis_results.Alibaba.engine_update,data.attributes.last_analysis_results.K7GW.category,data.attributes.last_analysis_results.K7GW.engine_name,data.attributes.last_analysis_results.K7GW.engine_version,data.attributes.last_analysis_results.K7GW.result,data.attributes.last_analysis_results.K7GW.method,data.attributes.last_analysis_results.K7GW.engine_update,data.attributes.last_analysis_results.CrowdStrike.category,data.attributes.last_analysis_results.CrowdStrike.engine_name,data.attributes.last_analysis_results.CrowdStrike.engine_version,data.attributes.last_analysis_results.CrowdStrike.result,data.attributes.last_analysis_results.CrowdStrike.method,data.attributes.last_analysis_results.CrowdStrike.engine_update,data.attributes.last_analysis_results.Baidu.category,data.attributes.last_analysis_results.Baidu.engine_name,data.attributes.last_analysis_results.Baidu.engine_version,data.attributes.last_analysis_results.Baidu.result,data.attributes.last_analysis_results.Baidu.method,data.attributes.last_analysis_results.Baidu.engine_update,data.attributes.last_analysis_results.Cyren.category,data.attributes.last_analysis_results.Cyren.engine_name,data.attributes.last_analysis_results.Cyren.engine_version,data.attributes.last_analysis_results.Cyren.result,data.attributes.last_analysis_results.Cyren.method,data.attributes.last_analysis_results.Cyren.engine_update,data.attributes.last_analysis_results.SymantecMobileInsight.category,data.attributes.last_analysis_results.SymantecMobileInsight.engine_name,data.attributes.last_analysis_results.SymantecMobileInsight.engine_version,data.attributes.last_analysis_results.SymantecMobileInsight.result,data.attributes.last_analysis_results.SymantecMobileInsight.method,data.attributes.last_analysis_results.SymantecMobileInsight.engine_update,data.attributes.last_analysis_results.Symantec.category,data.attributes.last_analysis_results.Symantec.engine_name,data.attributes.last_analysis_results.Symantec.engine_version,data.attributes.last_analysis_results.Symantec.result,data.attributes.last_analysis_results.Symantec.method,data.attributes.last_analysis_results.Symantec.engine_update,data.attributes.last_analysis_results.ESET-NOD32.category,data.attributes.last_analysis_results.ESET-NOD32.engine_name,data.attributes.last_analysis_results.ESET-NOD32.engine_version,data.attributes.last_analysis_results.ESET-NOD32.result,data.attributes.last_analysis_results.ESET-NOD32.method,data.attributes.last_analysis_results.ESET-NOD32.engine_update,data.attributes.last_analysis_results.APEX.category,data.attributes.last_analysis_results.APEX.engine_name,data.attributes.last_analysis_results.APEX.engine_version,data.attributes.last_analysis_results.APEX.result,data.attributes.last_analysis_results.APEX.method,data.attributes.last_analysis_results.APEX.engine_update,data.attributes.last_analysis_results.TrendMicro-HouseCall.category,data.attributes.last_analysis_results.TrendMicro-HouseCall.engine_name,data.attributes.last_analysis_results.TrendMicro-HouseCall.engine_version,data.attributes.last_analysis_results.TrendMicro-HouseCall.result,data.attributes.last_analysis_results.TrendMicro-HouseCall.method,data.attributes.last_analysis_results.TrendMicro-HouseCall.engine_update,data.attributes.last_analysis_results.Avast.category,data.attributes.last_analysis_results.Avast.engine_name,data.attributes.last_analysis_results.Avast.engine_version,data.attributes.last_analysis_results.Avast.result,data.attributes.last_analysis_results.Avast.method,data.attributes.last_analysis_results.Avast.engine_update,data.attributes.last_analysis_results.ClamAV.category,data.attributes.last_analysis_results.ClamAV.engine_name,data.attributes.last_analysis_results.ClamAV.engine_version,data.attributes.last_analysis_results.ClamAV.result,data.attributes.last_analysis_results.ClamAV.method,data.attributes.last_analysis_results.ClamAV.engine_update,data.attributes.last_analysis_results.Kaspersky.category,data.attributes.last_analysis_results.Kaspersky.engine_name,data.attributes.last_analysis_results.Kaspersky.engine_version,data.attributes.last_analysis_results.Kaspersky.result,data.attributes.last_analysis_results.Kaspersky.method,data.attributes.last_analysis_results.Kaspersky.engine_update,data.attributes.last_analysis_results.BitDefender.category,data.attributes.last_analysis_results.BitDefender.engine_name,data.attributes.last_analysis_results.BitDefender.engine_version,data.attributes.last_analysis_results.BitDefender.result,data.attributes.last_analysis_results.BitDefender.method,data.attributes.last_analysis_results.BitDefender.engine_update,data.attributes.last_analysis_results.NANO-Antivirus.category,data.attributes.last_analysis_results.NANO-Antivirus.engine_name,data.attributes.last_analysis_results.NANO-Antivirus.engine_version,data.attributes.last_analysis_results.NANO-Antivirus.result,data.attributes.last_analysis_results.NANO-Antivirus.method,data.attributes.last_analysis_results.NANO-Antivirus.engine_update,data.attributes.last_analysis_results.ViRobot.category,data.attributes.last_analysis_results.ViRobot.engine_name,data.attributes.last_analysis_results.ViRobot.engine_version,data.attributes.last_analysis_results.ViRobot.result,data.attributes.last_analysis_results.ViRobot.method,data.attributes.last_analysis_results.ViRobot.engine_update,data.attributes.last_analysis_results.MicroWorld-eScan.category,data.attributes.last_analysis_results.MicroWorld-eScan.engine_name,data.attributes.last_analysis_results.MicroWorld-eScan.engine_version,data.attributes.last_analysis_results.MicroWorld-eScan.result,data.attributes.last_analysis_results.MicroWorld-eScan.method,data.attributes.last_analysis_results.MicroWorld-eScan.engine_update,data.attributes.last_analysis_results.Tencent.category,data.attributes.last_analysis_results.Tencent.engine_name,data.attributes.last_analysis_results.Tencent.engine_version,data.attributes.last_analysis_results.Tencent.result,data.attributes.last_analysis_results.Tencent.method,data.attributes.last_analysis_results.Tencent.engine_update,data.attributes.last_analysis_results.Ad-Aware.category,data.attributes.last_analysis_results.Ad-Aware.engine_name,data.attributes.last_analysis_results.Ad-Aware.engine_version,data.attributes.last_analysis_results.Ad-Aware.result,data.attributes.last_analysis_results.Ad-Aware.method,data.attributes.last_analysis_results.Ad-Aware.engine_update,data.attributes.last_analysis_results.Trustlook.category,data.attributes.last_analysis_results.Trustlook.engine_name,data.attributes.last_analysis_results.Trustlook.engine_version,data.attributes.last_analysis_results.Trustlook.result,data.attributes.last_analysis_results.Trustlook.method,data.attributes.last_analysis_results.Trustlook.engine_update,data.attributes.last_analysis_results.Sophos.category,data.attributes.last_analysis_results.Sophos.engine_name,data.attributes.last_analysis_results.Sophos.engine_version,data.attributes.last_analysis_results.Sophos.result,data.attributes.last_analysis_results.Sophos.method,data.attributes.last_analysis_results.Sophos.engine_update,data.attributes.last_analysis_results.Comodo.category,data.attributes.last_analysis_results.Comodo.engine_name,data.attributes.last_analysis_results.Comodo.engine_version,data.attributes.last_analysis_results.Comodo.result,data.attributes.last_analysis_results.Comodo.method,data.attributes.last_analysis_results.Comodo.engine_update,data.attributes.last_analysis_results.F-Secure.category,data.attributes.last_analysis_results.F-Secure.engine_name,data.attributes.last_analysis_results.F-Secure.engine_version,data.attributes.last_analysis_results.F-Secure.result,data.attributes.last_analysis_results.F-Secure.method,data.attributes.last_analysis_results.F-Secure.engine_update,data.attributes.last_analysis_results.DrWeb.category,data.attributes.last_analysis_results.DrWeb.engine_name,data.attributes.last_analysis_results.DrWeb.engine_version,data.attributes.last_analysis_results.DrWeb.result,data.attributes.last_analysis_results.DrWeb.method,data.attributes.last_analysis_results.DrWeb.engine_update,data.attributes.last_analysis_results.VIPRE.category,data.attributes.last_analysis_results.VIPRE.engine_name,data.attributes.last_analysis_results.VIPRE.engine_version,data.attributes.last_analysis_results.VIPRE.result,data.attributes.last_analysis_results.VIPRE.method,data.attributes.last_analysis_results.VIPRE.engine_update,data.attributes.last_analysis_results.TrendMicro.category,data.attributes.last_analysis_results.TrendMicro.engine_name,data.attributes.last_analysis_results.TrendMicro.engine_version,data.attributes.last_analysis_results.TrendMicro.result,data.attributes.last_analysis_results.TrendMicro.method,data.attributes.last_analysis_results.TrendMicro.engine_update,data.attributes.last_analysis_results.McAfee-GW-Edition.category,data.attributes.last_analysis_results.McAfee-GW-Edition.engine_name,data.attributes.last_analysis_results.McAfee-GW-Edition.engine_version,data.attributes.last_analysis_results.McAfee-GW-Edition.result,data.attributes.last_analysis_results.McAfee-GW-Edition.method,data.attributes.last_analysis_results.McAfee-GW-Edition.engine_update,data.attributes.last_analysis_results.SentinelOne.category,data.attributes.last_analysis_results.SentinelOne.engine_name,data.attributes.last_analysis_results.SentinelOne.engine_version,data.attributes.last_analysis_results.SentinelOne.result,data.attributes.last_analysis_results.SentinelOne.method,data.attributes.last_analysis_results.SentinelOne.engine_update,data.attributes.last_analysis_results.Trapmine.category,data.attributes.last_analysis_results.Trapmine.engine_name,data.attributes.last_analysis_results.Trapmine.engine_version,data.attributes.last_analysis_results.Trapmine.result,data.attributes.last_analysis_results.Trapmine.method,data.attributes.last_analysis_results.Trapmine.engine_update,data.attributes.last_analysis_results.FireEye.category,data.attributes.last_analysis_results.FireEye.engine_name,data.attributes.last_analysis_results.FireEye.engine_version,data.attributes.last_analysis_results.FireEye.result,data.attributes.last_analysis_results.FireEye.method,data.attributes.last_analysis_results.FireEye.engine_update,data.attributes.last_analysis_results.Emsisoft.category,data.attributes.last_analysis_results.Emsisoft.engine_name,data.attributes.last_analysis_results.Emsisoft.engine_version,data.attributes.last_analysis_results.Emsisoft.result,data.attributes.last_analysis_results.Emsisoft.method,data.attributes.last_analysis_results.Emsisoft.engine_update,data.attributes.last_analysis_results.Paloalto.category,data.attributes.last_analysis_results.Paloalto.engine_name,data.attributes.last_analysis_results.Paloalto.engine_version,data.attributes.last_analysis_results.Paloalto.result,data.attributes.last_analysis_results.Paloalto.method,data.attributes.last_analysis_results.Paloalto.engine_update,data.attributes.last_analysis_results.Avast-Mobile.category,data.attributes.last_analysis_results.Avast-Mobile.engine_name,data.attributes.last_analysis_results.Avast-Mobile.engine_version,data.attributes.last_analysis_results.Avast-Mobile.result,data.attributes.last_analysis_results.Avast-Mobile.method,data.attributes.last_analysis_results.Avast-Mobile.engine_update,data.attributes.last_analysis_results.Jiangmin.category,data.attributes.last_analysis_results.Jiangmin.engine_name,data.attributes.last_analysis_results.Jiangmin.engine_version,data.attributes.last_analysis_results.Jiangmin.result,data.attributes.last_analysis_results.Jiangmin.method,data.attributes.last_analysis_results.Jiangmin.engine_update,data.attributes.last_analysis_results.Webroot.category,data.attributes.last_analysis_results.Webroot.engine_name,data.attributes.last_analysis_results.Webroot.engine_version,data.attributes.last_analysis_results.Webroot.result,data.attributes.last_analysis_results.Webroot.method,data.attributes.last_analysis_results.Webroot.engine_update,data.attributes.last_analysis_results.Avira.category,data.attributes.last_analysis_results.Avira.engine_name,data.attributes.last_analysis_results.Avira.engine_version,data.attributes.last_analysis_results.Avira.result,data.attributes.last_analysis_results.Avira.method,data.attributes.last_analysis_results.Avira.engine_update,data.attributes.last_analysis_results.eGambit.category,data.attributes.last_analysis_results.eGambit.engine_name,data.attributes.last_analysis_results.eGambit.engine_version,data.attributes.last_analysis_results.eGambit.result,data.attributes.last_analysis_results.eGambit.method,data.attributes.last_analysis_results.eGambit.engine_update,data.attributes.last_analysis_results.Antiy-AVL.category,data.attributes.last_analysis_results.Antiy-AVL.engine_name,data.attributes.last_analysis_results.Antiy-AVL.engine_version,data.attributes.last_analysis_results.Antiy-AVL.result,data.attributes.last_analysis_results.Antiy-AVL.method,data.attributes.last_analysis_results.Antiy-AVL.engine_update,data.attributes.last_analysis_results.Kingsoft.category,data.attributes.last_analysis_results.Kingsoft.engine_name,data.attributes.last_analysis_results.Kingsoft.engine_version,data.attributes.last_analysis_results.Kingsoft.result,data.attributes.last_analysis_results.Kingsoft.method,data.attributes.last_analysis_results.Kingsoft.engine_update,data.attributes.last_analysis_results.Microsoft.category,data.attributes.last_analysis_results.Microsoft.engine_name,data.attributes.last_analysis_results.Microsoft.engine_version,data.attributes.last_analysis_results.Microsoft.result,data.attributes.last_analysis_results.Microsoft.method,data.attributes.last_analysis_results.Microsoft.engine_update,data.attributes.last_analysis_results.Gridinsoft.category,data.attributes.last_analysis_results.Gridinsoft.engine_name,data.attributes.last_analysis_results.Gridinsoft.engine_version,data.attributes.last_analysis_results.Gridinsoft.result,data.attributes.last_analysis_results.Gridinsoft.method,data.attributes.last_analysis_results.Gridinsoft.engine_update,data.attributes.last_analysis_results.Arcabit.category,data.attributes.last_analysis_results.Arcabit.engine_name,data.attributes.last_analysis_results.Arcabit.engine_version,data.attributes.last_analysis_results.Arcabit.result,data.attributes.last_analysis_results.Arcabit.method,data.attributes.last_analysis_results.Arcabit.engine_update,data.attributes.last_analysis_results.SUPERAntiSpyware.category,data.attributes.last_analysis_results.SUPERAntiSpyware.engine_name,data.attributes.last_analysis_results.SUPERAntiSpyware.engine_version,data.attributes.last_analysis_results.SUPERAntiSpyware.result,data.attributes.last_analysis_results.SUPERAntiSpyware.method,data.attributes.last_analysis_results.SUPERAntiSpyware.engine_update,data.attributes.last_analysis_results.ZoneAlarm.category,data.attributes.last_analysis_results.ZoneAlarm.engine_name,data.attributes.last_analysis_results.ZoneAlarm.engine_version,data.attributes.last_analysis_results.ZoneAlarm.result,data.attributes.last_analysis_results.ZoneAlarm.method,data.attributes.last_analysis_results.ZoneAlarm.engine_update,data.attributes.last_analysis_results.GData.category,data.attributes.last_analysis_results.GData.engine_name,data.attributes.last_analysis_results.GData.engine_version,data.attributes.last_analysis_results.GData.result,data.attributes.last_analysis_results.GData.method,data.attributes.last_analysis_results.GData.engine_update,data.attributes.last_analysis_results.TACHYON.category,data.attributes.last_analysis_results.TACHYON.engine_name,data.attributes.last_analysis_results.TACHYON.engine_version,data.attributes.last_analysis_results.TACHYON.result,data.attributes.last_analysis_results.TACHYON.method,data.attributes.last_analysis_results.TACHYON.engine_update,data.attributes.last_analysis_results.BitDefenderFalx.category,data.attributes.last_analysis_results.BitDefenderFalx.engine_name,data.attributes.last_analysis_results.BitDefenderFalx.engine_version,data.attributes.last_analysis_results.BitDefenderFalx.result,data.attributes.last_analysis_results.BitDefenderFalx.method,data.attributes.last_analysis_results.BitDefenderFalx.engine_update,data.attributes.last_analysis_results.AhnLab-V3.category,data.attributes.last_analysis_results.AhnLab-V3.engine_name,data.attributes.last_analysis_results.AhnLab-V3.engine_version,data.attributes.last_analysis_results.AhnLab-V3.result,data.attributes.last_analysis_results.AhnLab-V3.method,data.attributes.last_analysis_results.AhnLab-V3.engine_update,data.attributes.last_analysis_results.Acronis.category,data.attributes.last_analysis_results.Acronis.engine_name,data.attributes.last_analysis_results.Acronis.engine_version,data.attributes.last_analysis_results.Acronis.result,data.attributes.last_analysis_results.Acronis.method,data.attributes.last_analysis_results.Acronis.engine_update,data.attributes.last_analysis_results.VBA32.category,data.attributes.last_analysis_results.VBA32.engine_name,data.attributes.last_analysis_results.VBA32.engine_version,data.attributes.last_analysis_results.VBA32.result,data.attributes.last_analysis_results.VBA32.method,data.attributes.last_analysis_results.VBA32.engine_update,data.attributes.last_analysis_results.ALYac.category,data.attributes.last_analysis_results.ALYac.engine_name,data.attributes.last_analysis_results.ALYac.engine_version,data.attributes.last_analysis_results.ALYac.result,data.attributes.last_analysis_results.ALYac.method,data.attributes.last_analysis_results.ALYac.engine_update,data.attributes.last_analysis_results.MAX.category,data.attributes.last_analysis_results.MAX.engine_name,data.attributes.last_analysis_results.MAX.engine_version,data.attributes.last_analysis_results.MAX.result,data.attributes.last_analysis_results.MAX.method,data.attributes.last_analysis_results.MAX.engine_update,data.attributes.last_analysis_results.Cylance.category,data.attributes.last_analysis_results.Cylance.engine_name,data.attributes.last_analysis_results.Cylance.engine_version,data.attributes.last_analysis_results.Cylance.result,data.attributes.last_analysis_results.Cylance.method,data.attributes.last_analysis_results.Cylance.engine_update,data.attributes.last_analysis_results.Zoner.category,data.attributes.last_analysis_results.Zoner.engine_name,data.attributes.last_analysis_results.Zoner.engine_version,data.attributes.last_analysis_results.Zoner.result,data.attributes.last_analysis_results.Zoner.method,data.attributes.last_analysis_results.Zoner.engine_update,data.attributes.last_analysis_results.Rising.category,data.attributes.last_analysis_results.Rising.engine_name,data.attributes.last_analysis_results.Rising.engine_version,data.attributes.last_analysis_results.Rising.result,data.attributes.last_analysis_results.Rising.method,data.attributes.last_analysis_results.Rising.engine_update,data.attributes.last_analysis_results.Yandex.category,data.attributes.last_analysis_results.Yandex.engine_name,data.attributes.last_analysis_results.Yandex.engine_version,data.attributes.last_analysis_results.Yandex.result,data.attributes.last_analysis_results.Yandex.method,data.attributes.last_analysis_results.Yandex.engine_update,data.attributes.last_analysis_results.Ikarus.category,data.attributes.last_analysis_results.Ikarus.engine_name,data.attributes.last_analysis_results.Ikarus.engine_version,data.attributes.last_analysis_results.Ikarus.result,data.attributes.last_analysis_results.Ikarus.method,data.attributes.last_analysis_results.Ikarus.engine_update,data.attributes.last_analysis_results.MaxSecure.category,data.attributes.last_analysis_results.MaxSecure.engine_name,data.attributes.last_analysis_results.MaxSecure.engine_version,data.attributes.last_analysis_results.MaxSecure.result,data.attributes.last_analysis_results.MaxSecure.method,data.attributes.last_analysis_results.MaxSecure.engine_update,data.attributes.last_analysis_results.Fortinet.category,data.attributes.last_analysis_results.Fortinet.engine_name,data.attributes.last_analysis_results.Fortinet.engine_version,data.attributes.last_analysis_results.Fortinet.result,data.attributes.last_analysis_results.Fortinet.method,data.attributes.last_analysis_results.Fortinet.engine_update,data.attributes.last_analysis_results.BitDefenderTheta.category,data.attributes.last_analysis_results.BitDefenderTheta.engine_name,data.attributes.last_analysis_results.BitDefenderTheta.engine_version,data.attributes.last_analysis_results.BitDefenderTheta.result,data.attributes.last_analysis_results.BitDefenderTheta.method,data.attributes.last_analysis_results.BitDefenderTheta.engine_update,data.attributes.last_analysis_results.AVG.category,data.attributes.last_analysis_results.AVG.engine_name,data.attributes.last_analysis_results.AVG.engine_version,data.attributes.last_analysis_results.AVG.result,data.attributes.last_analysis_results.AVG.method,data.attributes.last_analysis_results.AVG.engine_update,data.attributes.last_analysis_results.Cybereason.category,data.attributes.last_analysis_results.Cybereason.engine_name,data.attributes.last_analysis_results.Cybereason.engine_version,data.attributes.last_analysis_results.Cybereason.result,data.attributes.last_analysis_results.Cybereason.method,data.attributes.last_analysis_results.Cybereason.engine_update,data.attributes.last_analysis_results.Panda.category,data.attributes.last_analysis_results.Panda.engine_name,data.attributes.last_analysis_results.Panda.engine_version,data.attributes.last_analysis_results.Panda.result,data.attributes.last_analysis_results.Panda.method,data.attributes.last_analysis_results.Panda.engine_update,data.attributes.reputation,data.type,data.id,data.links.self
GZIP,T11CF533F8E426BF9CB2481EE58556C90F694B2021EBE70D35DA9107E75D84E7F9BC08D0,ae12e9269e9fe686e0da209d43889848,application/x-gzip,Maximum Compression,0000:00:00 00:00:00,Deflated,GZIP,(none),gz,Unix,GZipped data,100.0,False,7a828afd2abf153d840938090d498072b7e507c7021e4cdd8c6baf727cafc545.bin,ed01ebfbc9eb5bbea545af4d01bf5f1071661840480439c6e5babe8e080e41aa.bin.gz,212653892.gz,68811150.gz,??? ?????.gz,102906617.gz,142161065.gz,220365810.gz,101522060.gz,213079720.gz,333287093.gz,60675225.gz,78358518.gz,253267546.gz,385990382.gz,236667507.gz,393144022.gz,106335898.gz,/home/monsterb/public_html/Monsters.ir/kasperskyrbot/virus/WannaCrypt_Windows_Ren_Bin2Exe.gz,121947964.gz,205624436.gz,264645514.gz,341336094.gz,272435344.gz,370691789.gz,97244881.gz,365607704.gz,225987393.gz,340845283.gz,235604662.gz,340257650.gz,352150456.gz,323640646.gz,308578190.gz,356874403.gz,262120413.gz,249886858.gz,273067027.gz,312361763.gz,342077118.gz,298202935.gz,WannaCrypt_Windows_Ren_Bin2Exe.gz,247355080.gz,338042014.gz,309687645.gz,284540188.gz,wannacry.exe.exe,323314562.gz,97045486.gz,73470944.gz,341667031.gz,wannacry.gz,188213002.gz,79638497.gz,91206143.gz,133482005.gz,267307282.gz,194732972.gz,269861859.gz,118035332.gz,242152525.gz,325668041.gz,110996483.gz,376064433.gz,260138191.gz,303650733.gz,224960914.gz,e.gz,78791482.gz,292371389.gz,103335815.gz,195503784.gz,139689925.gz,198082564.gz,wannacry.bin.gz,364717897.gz,tasksche.exe.631802144.DROPPED.gz,256319824.gz,47518346.gz,325151387.gz,219026980.gz,333390245.gz,107297855.gz,95579890.gz,152881907.gz,187056923.gz,184697289.gz,wcry.gz,228587893.gz,102704954.gz,201127191.gz,138656586.gz,187860692.gz,DiskPart.exe,237055479.gz,210367763.gz,355440812.gz,198320572.gz,135418356.gz,ed01ebfbc9eb5bbea545af4d01bf5f1071661840480439c6e5babe8e080e41aa.bin.gz.txt,1635345098,gzip,152,0,6,3481119,chlorophyllose,aftermost,galago,trojan.wannacryptor/wanna,29,trojan,25,ransomware,8,wannacryptor,6,wanna,5,wannacry,"eNqVVm12hDAIvBJDqW96nL69RI9fNxoNBLK7/NF8AAMMqPypiImTtvwRioASBX6pTmmShxTXux26
RxC6I0ttIT02Z5U5BK/EIoimDBYnp9aliDwPeiJVv/19WNiVkKq1XUAjnDTh2wx7ArEbJOMxNiEi
BZBVu6PSdoA82+Gu3a4PlEzIhJIn90rH1R7FocM8c7mhj+TL6d/edfKgGDRCIjN42xkxqD14YzfG
7k1dnRFI+1jGulOGVU+apKTX8iqzGjG+WUJLTzUMQDcbb9oTcKJaCAJgly1NhwGk7o6q+xYcsmBH
17gt2qMNkwInqdj2a9pcxviavJqwkAkqxsqaLEnTB5kpZfVt0HUDPpvGub7ai8e7Oe7xjTrpEJ9K
Ob1wtastizQBjxng8FyJvUnqbt4CAt8+lgSEaN5PWD+xsM7QPHjaN2P2ax8N3NiPXNboVQlEgyb9
dZTW7GUQCP8Wmof0W/0pLJlgE3Q9MDA0IfqExxgfx6Kcb/8Bgtly
",1548832710,7a828afd2abf153d840938090d498072b7e507c7021e4cdd8c6baf727cafc545.bin,True,7a828afd2abf153d840938090d498072b7e507c7021e4cdd8c6baf727cafc545,gzip,gzip,contains-pe,1635337878,44,1494599416,98304:DNBw0crvXqZ1sSUnMl6Ge8RBThM6nL7bb3uIQRFQs33:ZetXi1sdMlfe8i6Lb3uIKisH,"MZï¿½       ï¿½ï¿½  ï¿½       @                                   ï¿½   ï¿½ ï¿½	ï¿½!ï¿½Lï¿½!This program cannot be run in DOS mode.
$       ï¿½ï¿½:Ñ¤ï¿½Tï¿½ï¿½ï¿½Tï¿½ï¿½ï¿½Tï¿½ß¸Xï¿½ï¿½ï¿½Tï¿½Ë»_ï¿½ï¿½ï¿½Tï¿½'ï¿½Zï¿½ï¿½ï¿½Tï¿½Ë»^ï¿½ï¿½ï¿½Tï¿½Ë»Pï¿½ï¿½ï¿½Tï¿½gï¿½	ï¿½ï¿½ï¿½Tï¿½ï¿½ï¿½Uï¿½ï¿½Tï¿½ï¿½ï¿½_ï¿½ï¿½ï¿½Tï¿½cï¿½Rï¿½ï¿½ï¿½Tï¿½Richï¿½ï¿½Tï¿½                        PE  L Aï¿½ï¿½L        ï¿½   p    5     ï¿½w      ï¿½    @                      ï¿½5                                      ï¿½ï¿½  d      ï¿½ï¿½4                                                                          ï¿½  ï¿½                          .tex",1,GZIP,3514368,packed,packed,26b205ffe4adaadbb442442cae653bdd,3e6b9a61ec9ae5de35fd5a1c58de1d324441e85e,"gzip compressed data, from Unix, max compression",0,15,0,0,0,0,49,10,undetected,Bkav,1.3.0.9899,,blacklist,20211027,malicious,Lionic,4.2,Trojan.Win32.Wanna.u!c,blacklist,20211027,malicious,Elastic,4.0.29,malicious (high confidence),blacklist,20211005,malicious,Cynet,4.0.0.27,Malicious (score: 99),blacklist,20211027,undetected,CMC,2.10.2019.1,,blacklist,20211026,malicious,CAT-QuickHeal,14.00,Ransom.WannaCrypt.A4,blacklist,20211027,malicious,McAfee,6.0.6.653,Ransom-O.g,blacklist,20211027,undetected,Malwarebytes,4.2.2.27,,blacklist,20211027,undetected,Zillya,2.0.0.4482,,blacklist,20211027,malicious,Sangfor,2.9.0.0,Ransom.Win32.Wannacrypt_0.se2,blacklist,20210930,malicious,K7AntiVirus,11.224.39009,Trojan ( 0050d7171 ),blacklist,20211027,type-unsupported,Alibaba,0.3.0.5,,blacklist,20190527,malicious,K7GW,11.224.39011,Trojan ( 0050d7171 ),blacklist,20211027,type-unsupported,CrowdStrike,1.0,,blacklist,,malicious,Baidu,1.0.0.2,Win32.Trojan.WannaCry.c,blacklist,20190318,malicious,Cyren,6.3.0.2,W32/Trojan.ZTSA-8671,blacklist,20211027,type-unsupported,SymantecMobileInsight,2.0,,blacklist,20210126,malicious,Symantec,1.16.0.0,Trojan.Malcol.Ransom,blacklist,20211026,malicious,ESET-NOD32,24193,Win32/Filecoder.WannaCryptor.D,blacklist,20211027,type-unsupported,APEX,6.222,,blacklist,20211025,malicious,TrendMicro-HouseCall,10.0.0.1040,Ransom_WANA.A,blacklist,20211027,malicious,Avast,21.1.5827.0,Win32:WanaCry-A [Trj],blacklist,20211027,malicious,ClamAV,0.104.0.0,Win.Ransomware.Wannacry-6803937-0,blacklist,20211027,malicious,Kaspersky,21.0.1.45,Trojan-Ransom.Win32.Wanna.zbu,blacklist,20211027,malicious,BitDefender,7.2,Trojan.Ransom.WannaCryptor.A,blacklist,20211027,malicious,NANO-Antivirus,1.0.146.25370,Trojan.Win32.Ransom.eoptnj,blacklist,20211027,malicious,ViRobot,2014.3.20.0,Trojan.Win32.S.WannaCry.3481119,blacklist,20211027,malicious,MicroWorld-eScan,14.0.409.0,Trojan.Ransom.WannaCryptor.A,blacklist,20211027,malicious,Tencent,1.0.0.1,Win32.Trojan.Raas.Auto,blacklist,20211027,undetected,Ad-Aware,3.0.21.193,,blacklist,20211027,type-unsupported,Trustlook,1.0,,blacklist,20211027,malicious,Sophos,1.4.1.0,Troj/Wanna-J,blacklist,20211027,malicious,Comodo,34024,Malware@#11kifw9qxjyl1,blacklist,20211026,malicious,F-Secure,12.0.86.52,Trojan.TR/Ransom.JB,blacklist,20211027,malicious,DrWeb,7.0.52.8270,Trojan.Encoder.11432,blacklist,20211027,malicious,VIPRE,96516,Trojan.Win32.Generic!BT,blacklist,20211027,malicious,TrendMicro,11.0.0.1006,Ransom_WANA.A,blacklist,20211027,malicious,McAfee-GW-Edition,v2019.1.2+3728,Ransom-O.g,blacklist,20211027,type-unsupported,SentinelOne,6.2.0.11,,blacklist,20210829,type-unsupported,Trapmine,3.5.0.1023,,blacklist,20200727,malicious,FireEye,32.44.1.0,Trojan.Ransom.WannaCryptor.A,blacklist,20211027,malicious,Emsisoft,2021.5.0.7597,Trojan.Ransom.WannaCryptor.A (B),blacklist,20211027,type-unsupported,Paloalto,1.0,,blacklist,20211027,type-unsupported,Avast-Mobile,211027-00,,blacklist,20211027,malicious,Jiangmin,16.0.100,Trojan.Wanna.eo,blacklist,20211026,type-unsupported,Webroot,1.0.0.403,,blacklist,20211027,malicious,Avira,8.3.3.12,TR/Ransom.JB,blacklist,20211027,type-unsupported,eGambit,,,blacklist,20211027,malicious,Antiy-AVL,3.0.0.1,Trojan[Ransom]/Win32.Scatter,blacklist,20211027,undetected,Kingsoft,2017.9.26.565,,blacklist,20211027,malicious,Microsoft,1.1.18600.4,Ransom:Win32/WannaCrypt,blacklist,20211027,malicious,Gridinsoft,1.0.59.154,Ransom.Win32.Filecoder.dd,blacklist,20211027,malicious,Arcabit,1.0.0.886,Trojan.Ransom.WannaCryptor.A,blacklist,20211027,undetected,SUPERAntiSpyware,5.6.0.1032,,blacklist,20211023,malicious,ZoneAlarm,1.0,Trojan-Ransom.Win32.Wanna.zbu,blacklist,20211027,malicious,GData,A:25.31157B:27.24938,Win32.Trojan-Ransom.WannaCry.A,blacklist,20211027,undetected,TACHYON,2021-10-27.02,,blacklist,20211027,type-unsupported,BitDefenderFalx,2.0.936,,blacklist,20210610,malicious,AhnLab-V3,3.21.1.10219,Trojan/Win32.WannaCryptor.R200571,blacklist,20211027,type-unsupported,Acronis,1.1.1.82,,blacklist,20210512,malicious,VBA32,5.0.0,TrojanRansom.WannaCrypt,blacklist,20211027,undetected,ALYac,1.1.3.1,,blacklist,20211027,undetected,MAX,2019.9.16.1,,blacklist,20211027,type-unsupported,Cylance,2.3.1.101,,blacklist,20211027,malicious,Zoner,0.0.0.0,Trojan.Win32.55605,blacklist,20211026,malicious,Rising,25.0.0.26,Trojan.Win32.Rasftuby.a (CLASSIC),blacklist,20211027,malicious,Yandex,5.5.2.24,Trojan.Igent.bUj9pX.12,blacklist,20211027,malicious,Ikarus,0.1.5.2,Trojan-Ransom.WannaCry,blacklist,20211027,malicious,MaxSecure,1.0.0.1,Trojan.Ransom.Wanna.d,blacklist,20211026,malicious,Fortinet,6.2.142.0,W32/WannaCryptor.6F87!tr.ransom,blacklist,20211027,malicious,BitDefenderTheta,7.2.37796.0,Gen:NN.ZexaF.34236.wt0@aGEmS3di,blacklist,20211021,malicious,AVG,21.1.5827.0,Win32:WanaCry-A [Trj],blacklist,20211027,type-unsupported,Cybereason,1.2.449,,blacklist,20210330,malicious,Panda,4.6.4.2,Trj/RansomCrypt.K,blacklist,20211027,-169,file,7a828afd2abf153d840938090d498072b7e507c7021e4cdd8c6baf727cafc545,https://www.virustotal.com/api/v3/files/7a828afd2abf153d840938090d498072b7e507c7021e4cdd8c6baf727cafc545
