data.verdicts0,data.registry_keys_set0.key,data.registry_keys_set1.key,data.registry_keys_set1.value,data.registry_keys_set2.key,data.registry_keys_set2.value,data.registry_keys_set3.key,data.registry_keys_set3.value,data.registry_keys_set4.key,data.registry_keys_set4.value,data.registry_keys_set5.key,data.registry_keys_set5.value,data.registry_keys_set6.key,data.registry_keys_set6.value,data.registry_keys_set7.key,data.registry_keys_set7.value,data.registry_keys_set8.key,data.registry_keys_set8.value,data.registry_keys_set9.key,data.registry_keys_set9.value,data.registry_keys_set10.key,data.registry_keys_set10.value,data.registry_keys_set11.key,data.registry_keys_set11.value,data.registry_keys_set12.key,data.registry_keys_set12.value,data.registry_keys_set13.key,data.registry_keys_set13.value,data.registry_keys_set14.key,data.registry_keys_set14.value,data.registry_keys_set15.key,data.registry_keys_set15.value,data.registry_keys_set16.key,data.registry_keys_set16.value,data.registry_keys_set17.key,data.registry_keys_set17.value,data.registry_keys_set18.key,data.registry_keys_set18.value,data.registry_keys_set19.key,data.registry_keys_set19.value,data.registry_keys_set20.key,data.registry_keys_set20.value,data.registry_keys_set21.key,data.registry_keys_set21.value,data.registry_keys_set22.key,data.registry_keys_set23.key,data.registry_keys_set24.key,data.registry_keys_set24.value,data.registry_keys_set25.key,data.registry_keys_set25.value,data.registry_keys_set26.key,data.registry_keys_set26.value,data.registry_keys_set27.key,data.registry_keys_set27.value,data.registry_keys_set28.key,data.registry_keys_set28.value,data.registry_keys_set29.key,data.registry_keys_set29.value,data.registry_keys_set30.key,data.registry_keys_set30.value,data.registry_keys_set31.key,data.registry_keys_set32.key,data.registry_keys_set32.value,data.registry_keys_set33.key,data.registry_keys_set33.value,data.registry_keys_set34.key,data.registry_keys_set35.key,data.registry_keys_set35.value,data.registry_keys_set36.key,data.registry_keys_set36.value,data.registry_keys_set37.key,data.registry_keys_set37.value,data.registry_keys_set38.key,data.registry_keys_set38.value,data.registry_keys_set39.key,data.registry_keys_set39.value,data.registry_keys_set40.key,data.registry_keys_set41.key,data.registry_keys_set42.key,data.registry_keys_set43.key,data.registry_keys_set43.value,data.registry_keys_set44.key,data.registry_keys_set44.value,data.registry_keys_set45.key,data.registry_keys_set45.value,data.registry_keys_set46.key,data.registry_keys_set46.value,data.registry_keys_set47.key,data.registry_keys_set47.value,data.registry_keys_set48.key,data.registry_keys_set48.value,data.registry_keys_set49.key,data.registry_keys_set49.value,data.registry_keys_set50.key,data.registry_keys_set50.value,data.registry_keys_set51.key,data.registry_keys_set51.value,data.registry_keys_set52.key,data.registry_keys_set52.value,data.registry_keys_set53.key,data.registry_keys_set54.key,data.registry_keys_set55.key,data.registry_keys_set56.key,data.registry_keys_set57.key,data.registry_keys_set58.key,data.registry_keys_set59.key,data.registry_keys_set60.key,data.registry_keys_set60.value,data.registry_keys_set61.key,data.registry_keys_set61.value,data.registry_keys_set62.key,data.registry_keys_set62.value,data.registry_keys_set63.key,data.registry_keys_set63.value,data.registry_keys_set64.key,data.registry_keys_set64.value,data.registry_keys_set65.key,data.registry_keys_set65.value,data.registry_keys_set66.key,data.registry_keys_set66.value,data.registry_keys_set67.key,data.registry_keys_set67.value,data.registry_keys_set68.key,data.registry_keys_set68.value,data.registry_keys_set69.key,data.registry_keys_set69.value,data.registry_keys_set70.key,data.registry_keys_set71.key,data.registry_keys_set72.key,data.registry_keys_set72.value,data.registry_keys_set73.key,data.registry_keys_set73.value,data.registry_keys_set74.key,data.registry_keys_set74.value,data.registry_keys_set75.key,data.registry_keys_set75.value,data.registry_keys_set76.key,data.registry_keys_set77.key,data.registry_keys_set77.value,data.registry_keys_set78.key,data.registry_keys_set78.value,data.registry_keys_set79.key,data.registry_keys_set79.value,data.registry_keys_set80.key,data.registry_keys_set80.value,data.registry_keys_set81.key,data.registry_keys_set81.value,data.registry_keys_set82.key,data.registry_keys_set82.value,data.registry_keys_set83.key,data.registry_keys_set83.value,data.registry_keys_set84.key,data.registry_keys_set84.value,data.registry_keys_set85.key,data.registry_keys_set85.value,data.registry_keys_set86.key,data.registry_keys_set86.value,data.registry_keys_set87.key,data.registry_keys_set87.value,data.registry_keys_set88.key,data.registry_keys_set88.value,data.registry_keys_set89.key,data.registry_keys_set89.value,data.registry_keys_set90.key,data.registry_keys_set90.value,data.registry_keys_set91.key,data.registry_keys_set91.value,data.registry_keys_set92.key,data.registry_keys_set92.value,data.registry_keys_set93.key,data.registry_keys_set93.value,data.registry_keys_set94.key,data.registry_keys_set95.key,data.registry_keys_set95.value,data.registry_keys_set96.key,data.registry_keys_set96.value,data.registry_keys_set97.key,data.registry_keys_set97.value,data.registry_keys_set98.key,data.registry_keys_set98.value,data.registry_keys_set99.key,data.registry_keys_set100.key,data.registry_keys_set101.key,data.registry_keys_set101.value,data.registry_keys_set102.key,data.registry_keys_set102.value,data.registry_keys_set103.key,data.registry_keys_set103.value,data.registry_keys_set104.key,data.registry_keys_set104.value,data.registry_keys_set105.key,data.registry_keys_set106.key,data.registry_keys_set106.value,data.registry_keys_set107.key,data.registry_keys_set107.value,data.registry_keys_set108.key,data.registry_keys_set109.key,data.registry_keys_set109.value,data.registry_keys_set110.key,data.registry_keys_set110.value,data.registry_keys_set111.key,data.registry_keys_set111.value,data.registry_keys_set112.key,data.registry_keys_set112.value,data.registry_keys_set113.key,data.registry_keys_set113.value,data.ip_traffic0.transport_layer_protocol,data.ip_traffic0.destination_ip,data.ip_traffic0.destination_port,data.ip_traffic1.transport_layer_protocol,data.ip_traffic1.destination_ip,data.ip_traffic1.destination_port,data.ip_traffic2.transport_layer_protocol,data.ip_traffic2.destination_ip,data.ip_traffic2.destination_port,data.ip_traffic3.transport_layer_protocol,data.ip_traffic3.destination_ip,data.ip_traffic3.destination_port,data.ip_traffic4.transport_layer_protocol,data.ip_traffic4.destination_ip,data.ip_traffic4.destination_port,data.ip_traffic5.transport_layer_protocol,data.ip_traffic5.destination_ip,data.ip_traffic5.destination_port,data.ip_traffic6.transport_layer_protocol,data.ip_traffic6.destination_ip,data.ip_traffic6.destination_port,data.ip_traffic7.transport_layer_protocol,data.ip_traffic7.destination_ip,data.ip_traffic7.destination_port,data.ip_traffic8.transport_layer_protocol,data.ip_traffic8.destination_ip,data.ip_traffic8.destination_port,data.ip_traffic9.transport_layer_protocol,data.ip_traffic9.destination_ip,data.ip_traffic9.destination_port,data.ip_traffic10.transport_layer_protocol,data.ip_traffic10.destination_ip,data.ip_traffic10.destination_port,data.ip_traffic11.transport_layer_protocol,data.ip_traffic11.destination_ip,data.ip_traffic11.destination_port,data.ip_traffic12.transport_layer_protocol,data.ip_traffic12.destination_ip,data.ip_traffic12.destination_port,data.ip_traffic13.transport_layer_protocol,data.ip_traffic13.destination_ip,data.ip_traffic13.destination_port,data.ip_traffic14.transport_layer_protocol,data.ip_traffic14.destination_ip,data.ip_traffic14.destination_port,data.ip_traffic15.transport_layer_protocol,data.ip_traffic15.destination_ip,data.ip_traffic15.destination_port,data.ip_traffic16.transport_layer_protocol,data.ip_traffic16.destination_ip,data.ip_traffic16.destination_port,data.ip_traffic17.transport_layer_protocol,data.ip_traffic17.destination_ip,data.ip_traffic17.destination_port,data.ip_traffic18.transport_layer_protocol,data.ip_traffic18.destination_ip,data.ip_traffic18.destination_port,data.ip_traffic19.transport_layer_protocol,data.ip_traffic19.destination_ip,data.ip_traffic19.destination_port,data.ip_traffic20.transport_layer_protocol,data.ip_traffic20.destination_ip,data.ip_traffic20.destination_port,data.ip_traffic21.transport_layer_protocol,data.ip_traffic21.destination_ip,data.ip_traffic21.destination_port,data.ip_traffic22.transport_layer_protocol,data.ip_traffic22.destination_ip,data.ip_traffic22.destination_port,data.ip_traffic23.transport_layer_protocol,data.ip_traffic23.destination_ip,data.ip_traffic23.destination_port,data.ip_traffic24.transport_layer_protocol,data.ip_traffic24.destination_ip,data.ip_traffic24.destination_port,data.ip_traffic25.transport_layer_protocol,data.ip_traffic25.destination_ip,data.ip_traffic25.destination_port,data.ip_traffic26.transport_layer_protocol,data.ip_traffic26.destination_ip,data.ip_traffic26.destination_port,data.ip_traffic27.transport_layer_protocol,data.ip_traffic27.destination_ip,data.ip_traffic27.destination_port,data.ip_traffic28.transport_layer_protocol,data.ip_traffic28.destination_ip,data.ip_traffic28.destination_port,data.ip_traffic29.transport_layer_protocol,data.ip_traffic29.destination_ip,data.ip_traffic29.destination_port,data.ip_traffic30.transport_layer_protocol,data.ip_traffic30.destination_ip,data.ip_traffic30.destination_port,data.ip_traffic31.transport_layer_protocol,data.ip_traffic31.destination_ip,data.ip_traffic31.destination_port,data.ip_traffic32.transport_layer_protocol,data.ip_traffic32.destination_ip,data.ip_traffic32.destination_port,data.ip_traffic33.transport_layer_protocol,data.ip_traffic33.destination_ip,data.ip_traffic33.destination_port,data.ip_traffic34.transport_layer_protocol,data.ip_traffic34.destination_ip,data.ip_traffic34.destination_port,data.ip_traffic35.transport_layer_protocol,data.ip_traffic35.destination_ip,data.ip_traffic35.destination_port,data.ip_traffic36.transport_layer_protocol,data.ip_traffic36.destination_ip,data.ip_traffic36.destination_port,data.ip_traffic37.transport_layer_protocol,data.ip_traffic37.destination_ip,data.ip_traffic37.destination_port,data.ip_traffic38.transport_layer_protocol,data.ip_traffic38.destination_ip,data.ip_traffic38.destination_port,data.ip_traffic39.transport_layer_protocol,data.ip_traffic39.destination_ip,data.ip_traffic39.destination_port,data.ip_traffic40.transport_layer_protocol,data.ip_traffic40.destination_ip,data.ip_traffic40.destination_port,data.ip_traffic41.transport_layer_protocol,data.ip_traffic41.destination_ip,data.ip_traffic41.destination_port,data.ip_traffic42.transport_layer_protocol,data.ip_traffic42.destination_ip,data.ip_traffic42.destination_port,data.ip_traffic43.transport_layer_protocol,data.ip_traffic43.destination_ip,data.ip_traffic43.destination_port,data.ip_traffic44.transport_layer_protocol,data.ip_traffic44.destination_ip,data.ip_traffic44.destination_port,data.ip_traffic45.transport_layer_protocol,data.ip_traffic45.destination_ip,data.ip_traffic45.destination_port,data.ip_traffic46.transport_layer_protocol,data.ip_traffic46.destination_ip,data.ip_traffic46.destination_port,data.ip_traffic47.transport_layer_protocol,data.ip_traffic47.destination_ip,data.ip_traffic47.destination_port,data.ip_traffic48.transport_layer_protocol,data.ip_traffic48.destination_ip,data.ip_traffic48.destination_port,data.ip_traffic49.transport_layer_protocol,data.ip_traffic49.destination_ip,data.ip_traffic49.destination_port,data.ip_traffic50.transport_layer_protocol,data.ip_traffic50.destination_ip,data.ip_traffic50.destination_port,data.ip_traffic51.transport_layer_protocol,data.ip_traffic51.destination_ip,data.ip_traffic51.destination_port,data.ip_traffic52.transport_layer_protocol,data.ip_traffic52.destination_ip,data.ip_traffic52.destination_port,data.ip_traffic53.transport_layer_protocol,data.ip_traffic53.destination_ip,data.ip_traffic53.destination_port,data.verdict_confidence,data.processes_tree0.process_id,data.processes_tree0.name,data.processes_tree1.process_id,data.processes_tree1.name,data.processes_tree2.process_id,data.processes_tree2.name,data.processes_tree2.children0.process_id,data.processes_tree2.children0.time_offset,data.processes_tree2.children0.name,data.processes_tree3.process_id,data.processes_tree3.name,data.processes_tree4.process_id,data.processes_tree4.name,data.processes_tree5.process_id,data.processes_tree5.name,data.processes_terminated0,data.processes_terminated1,data.processes_terminated2,data.processes_terminated3,data.dns_lookups0.resolved_ips0,data.dns_lookups0.resolved_ips1,data.dns_lookups0.resolved_ips2,data.dns_lookups0.resolved_ips3,data.dns_lookups0.hostname,data.registry_keys_deleted0,data.registry_keys_deleted1,data.registry_keys_deleted2,data.registry_keys_deleted3,data.registry_keys_deleted4,data.registry_keys_deleted5,data.registry_keys_deleted6,data.registry_keys_deleted7,data.registry_keys_deleted8,data.registry_keys_deleted9,data.registry_keys_deleted10,data.command_executions0,data.command_executions1,data.verdict_labels0,data.memory_pattern_domains0,data.files_dropped0.path,data.files_dropped0.sha256,data.memory_pattern_urls0
RANSOM,\\REGISTRY\A\{41be5b13-9e94-11ea-95bc-167c9a143b3d}\DefaultObjectStore\LruList\CurrentLru,HKLM\Software\Microsoft\WBEM\WDM\%windir%\system32\drivers\ndis.sys[MofResourceName],"LowDateTime:-331231481,HighDateTime:30676316***Binary mof failed, see WMIPROV.LOG",HKLM\Software\Microsoft\WBEM\WDM\%windir%\System32\Drivers\portcls.SYS[PortclsMof],"LowDateTime:418629328,HighDateTime:30487037***Binary mof compiled successfully",HKLM\Software\Microsoft\WBEM\WDM\%windir%\system32\drivers\en-US\ACPI.sys.mui[ACPIMOFResource],"LowDateTime:1237199616,HighDateTime:30016579***Binary mof compiled successfully",HKLM\Software\Microsoft\WBEM\WDM\%windir%\system32\DRIVERS\HDAudBus.sys[HDAudioMofName],"LowDateTime:-227274444,HighDateTime:30116024***Binary mof compiled successfully",HKLM\Software\Microsoft\WBEM\WDM\%windir%\System32\Drivers\en-US\portcls.SYS.mui[PortclsMof],"LowDateTime:1137199616,HighDateTime:30016579***Binary mof compiled successfully",HKLM\Software\Microsoft\WBEM\WDM\%windir%\system32\advapi32.dll[MofResourceName],"LowDateTime:302488720,HighDateTime:30778805***Binary mof compiled successfully",HKLM\Software\Microsoft\WBEM\WDM\%windir%\system32\en-US\advapi32.dll.mui[MofResourceName],"LowDateTime:369951187,HighDateTime:30778805***Binary mof compiled successfully",HKLM\Software\Microsoft\WBEM\WDM\%windir%\system32\drivers\en-US\mssmbios.sys.mui[MofResource],"LowDateTime:1497199616,HighDateTime:30016579***Binary mof compiled successfully",HKLM\Software\Microsoft\WBEM\WDM\%windir%\system32\DRIVERS\en-US\HDAudBus.sys.mui[HDAudioMofName],"LowDateTime:-377767680,HighDateTime:30016579***Binary mof compiled successfully",HKLM\Software\Microsoft\WBEM\WDM\%windir%\system32\drivers\en-US\ndis.sys.mui[MofResourceName],"LowDateTime:382232320,HighDateTime:30016580***Binary mof failed, see WMIPROV.LOG",HKLM\Software\Microsoft\WBEM\WDM\%windir%\system32\DRIVERS\en-US\intelppm.sys.mui[PROCESSORWMI],"LowDateTime:-577767680,HighDateTime:30016579***Binary mof compiled successfully",HKLM\Software\Microsoft\WBEM\WDM\IDE\DiskAMDX_HARDDISK___________________________2.5+____\5&2770a7af&0&0.0.0_0-{05901221-D566-11d1-B2F0-00A0C9062910},"LowDateTime:803713417,HighDateTime:0***Binary mof compiled successfully",HKLM\Software\Microsoft\WBEM\WDM\%windir%\system32\DRIVERS\intelppm.sys[PROCESSORWMI],"LowDateTime:-445445610,HighDateTime:30778799***Binary mof compiled successfully",HKLM\Software\Microsoft\WBEM\WDM\%windir%\system32\drivers\ACPI.sys[ACPIMOFResource],"LowDateTime:398767260,HighDateTime:30646967***Binary mof compiled successfully",HKLM\Software\Microsoft\WBEM\WDM\%windir%\system32\DRIVERS\monitor.sys[MonitorWMI],"LowDateTime:-1637837527,HighDateTime:30762899***Binary mof failed, see WMIPROV.LOG",HKLM\Software\Microsoft\WBEM\WDM\%windir%\system32\drivers\mssmbios.sys[MofResource],"LowDateTime:-649833737,HighDateTime:30733938***Binary mof compiled successfully",HKU\S-1-5-18\Software\Microsoft\Windows\CurrentVersion\Internet Settings\5.0\Cache\Cookies\CachePrefix,Cookie:,HKU\S-1-5-18\Software\Microsoft\Windows\CurrentVersion\Internet Settings\Wpad\{17EA53E0-04A2-4CF5-A025-667C6815FBC9}\WpadDecisionTime,C0 93 4C 36 A1 32 D6 01,HKU\S-1-5-18\Software\Microsoft\Windows\CurrentVersion\Internet Settings\Wpad\{17EA53E0-04A2-4CF5-A025-667C6815FBC9}\WpadDecision,0,HKU\S-1-5-18\Software\Microsoft\Windows\CurrentVersion\Internet Settings\Wpad\{17EA53E0-04A2-4CF5-A025-667C6815FBC9}\WpadDecisionReason,2,HKU\S-1-5-18\Software\Microsoft\Windows\CurrentVersion\Internet Settings\Wpad\{17EA53E0-04A2-4CF5-A025-667C6815FBC9}\WpadNetworkName,Network  5,\\Registry\Machine\Software\Microsoft\Windows NT\CurrentVersion\Time Zones\Middle East Standard Time\TZI,HKU\S-1-5-21-575823232-3065301323-1442773979-1000\Software\Microsoft\Windows\CurrentVersion\Internet Settings\5.0\Cache\Content\CachePrefix,HKU\S-1-5-18\Software\Microsoft\Windows\CurrentVersion\Internet Settings\ProxyEnable,0,HKU\S-1-5-18\Software\Microsoft\Windows\CurrentVersion\Internet Settings\ZoneMap\\AutoDetect,1,HKU\S-1-5-18\Software\Microsoft\Windows\CurrentVersion\Internet Settings\ZoneMap\\UNCAsIntranet,0,HKLM\SYSTEM\ControlSet001\Control\Network\{4D36E972-E325-11CE-BFC1-08002BE10318}\{B5DA8633-954C-4495-AE46-0BB5B5FB1CDC}\Connection\PnpInstanceID,PCI\VEN_8086&DEV_100E&SUBSYS_11001AF4&REV_03\3&13C0B0C5&0&90,HKU\S-1-5-21-575823232-3065301323-1442773979-1000\Software\Microsoft\Windows\CurrentVersion\Internet Settings\ProxyServer,%HTTP_PROXY%:8080,HKU\S-1-5-21-575823232-3065301323-1442773979-1000\Software\Microsoft\Windows\CurrentVersion\Internet Settings\ProxyEnable,1,HKLM\SYSTEM\ControlSet001\Services\BITS\Performance\PerfMMFileName,Global\MMF_BITS_s,HKU\S-1-5-18\Software\Microsoft\Windows\CurrentVersion\Internet Settings\5.0\Cache\Content\CachePrefix,HKLM\SYSTEM\ControlSet001\Services\Tcpip\Parameters\DhcpDomain,sales.local,HKLM\SYSTEM\ControlSet001\Services\Tcpip\Parameters\DhcpNameServer,%GATEWAY%,HKLM\SYSTEM\ControlSet001\Services\MpsSvc\Parameters\PortKeywords\DHCP\Collection,HKLM\SYSTEM\ControlSet001\Control\DeviceClasses\{ad498944-762f-11d0-8dcb-00c04fc3358c}\##?#SW#{eeab7790-c514-11d1-b42b-00805fc1270e}#asyncmac#{ad498944-762f-11d0-8dcb-00c04fc3358c}\#{78032B7E-4968-42D3-9F37-287EA86C0AAA}\SymbolicLink,\\?\SW#{eeab7790-c514-11d1-b42b-00805fc1270e}#asyncmac#{ad498944-762f-11d0-8dcb-00c04fc3358c}\{78032B7E-4968-42D3-9F37-287EA86C0AAA},HKLM\Software\Microsoft\WBEM\CIMOM\ConfigValueEssNeedsLoading,1,HKLM\Software\Microsoft\WBEM\CIMOM\List of event-active namespaces,00 00 54 00 45 00 76 00 65 00 6E 00 74 00 4C 00 6F 00 67 00 45 00 76 00 65 00 6E 00 74 00 43 00 6F 00 6E 00 73 00 75 00 6D 00 65 00 72 00,HKU\S-1-5-18\Software\Microsoft\Windows\CurrentVersion\Internet Settings\Connections\SavedLegacySettings,46 00 00 00 10 00 00 00 09 00 00 00 00 00 00 00 00 00 00 00 00 00 00 00 04 00 00 00 00 00 00 00 90 6F 5C 15 D2 C1 D5 01 00 00 00 00 00 00 00 00 00 00 00 00 02 00 00 00 17 00 00 00 00 00 00 00 00 00 00 00 00 00 00 00 00 00 00 00 00 00 00 01 00 00 00 00 00 00 00 00 D0 5C 32 00 00 00 00 00 D0 5C 32 00 00 00 00 00 00 00 00 00 00 00 00 00 00 00 00 00 00 00 00 00 F0 5C 32 00 00 00 00 00 F0 5C 32 00 00 00 00 00 70 5B 32 00 00 00 00 00 00 00 00 00 00 00 00 00 00 00 00 00 00 00 00 00 84 02 00 00 00 00 00 00 00 00 00 00 00 00 00 00 2A 00 00 2A DD 9B 00 00 02 00 00 00 C0 A8 7D 02 00 00 00 00 00 00 00 00 00 00 00 00 00 00 00 00 00 00 00 00 00 00 00 00 00 00 00 00 00 00 00 00 00 00 00 00 00 00 00 00 00 00 00 00 00 00 00 00 00 00 00 00 00 00 00 00 00 00 00 00 00 00 00 00 00 00 00 00 00 00 00 00 00 00 00 00 00 00 00 00 00 00 00 00 00 00 00 00 00 00 00 00 00 00 00 00 00 00 00 00 00 00 00 00 01 00 00 00 00 00 00 00 C0 5D 32 00 00 00 00 00,HKU\S-1-5-18\Software\Microsoft\Windows\CurrentVersion\Internet Settings\Connections\DefaultConnectionSettings,46 00 00 00 03 00 00 00 09 00 00 00 00 00 00 00 00 00 00 00 00 00 00 00 04 00 00 00 00 00 00 00 90 6F 5C 15 D2 C1 D5 01 00 00 00 00 00 00 00 00 00 00 00 00 01 00 00 00 02 00 00 00 C0 A8 7D 3F 00 00 00 00 00 00 00 00 00 00 00 00 00 00 00 00 00 00 00 00 00 00 00 00 00 00 00 00 00 00 00 00 00 00 00 00 00 00 00 00 00 00 00 00 00 00 00 00 00 00 00 00 00 00 00 00 00 00 00 00 00 00 00 00 00 00 00 00 00 00 00 00 00 00 00 00 00 00 00 00 00 00 00 00 00 00 00 00 00 00 00 00 00 00 00 00 00 00 00 00 00 00 00 00 00 00 00 00 00 00 00 00 00 00 00 00 00 00 00 00,\\REGISTRY\A\{41be5b13-9e94-11ea-95bc-167c9a143b3d}\DefaultObjectStore\IndexTable\FileIdIndex-{853201e6-2d75-11ea-a138-806e6f6e6963}\_IndexName_,\\REGISTRY\A\{41be5b13-9e94-11ea-95bc-167c9a143b3d}\DefaultObjectStore\IndexTable\FileIdIndex-{853201e6-2d75-11ea-a138-806e6f6e6963}\1B00000000050F\661,\\Registry\Machine\Software\Microsoft\Windows NT\CurrentVersion\Time Zones\Iran Standard Time\TZI,HKLM\SYSTEM\ControlSet001\Control\BackupRestore\FilesNotToBackup\BITS_LOG,"%windir%\System32\Bits.log
",HKLM\SYSTEM\ControlSet001\Control\BackupRestore\FilesNotToBackup\BITS_BAK,"%windir%\System32\Bits.bak
",HKU\S-1-5-18\Software\Microsoft\Windows\CurrentVersion\Internet Settings\5.0\Cache\History\CachePrefix,Visited:,HKLM\SYSTEM\ControlSet001\Services\WmiApRpl\Performance\Last Counter,12642,HKLM\SYSTEM\ControlSet001\Services\WmiApRpl\Performance\Object List,12476 12482 12492 12502 12522 12566 12576 12614 12620 12636,HKLM\SYSTEM\ControlSet001\Services\WmiApRpl\Performance\Last Help,12643,HKLM\SYSTEM\ControlSet001\Services\WmiApRpl\Performance\First Counter,12476,HKLM\SYSTEM\ControlSet001\Services\WmiApRpl\Performance\First Help,12477,HKLM\SYSTEM\ControlSet001\Services\WmiApRpl\Performance\PerfIniFile,"WmiApRpl.ini                                    ",HKLM\SYSTEM\ControlSet001\Control\DeviceClasses\{cac88484-7515-4c03-82e6-71a87abac361}\##?#SW#{eeab7790-c514-11d1-b42b-00805fc1270e}#asyncmac#{cac88484-7515-4c03-82e6-71a87abac361}\DeviceInstance,SW\{eeab7790-c514-11d1-b42b-00805fc1270e}\asyncmac,\\REGISTRY\A\{41be5b13-9e94-11ea-95bc-167c9a143b3d}\DefaultObjectStore\ObjectTable\661\_FileId_,\\REGISTRY\A\{41be5b13-9e94-11ea-95bc-167c9a143b3d}\DefaultObjectStore\ObjectTable\661\_ObjectLru_,\\REGISTRY\A\{41be5b13-9e94-11ea-95bc-167c9a143b3d}\DefaultObjectStore\ObjectTable\661\_Usn_,\\REGISTRY\A\{41be5b13-9e94-11ea-95bc-167c9a143b3d}\DefaultObjectStore\ObjectTable\661\_ObjectId_,\\REGISTRY\A\{41be5b13-9e94-11ea-95bc-167c9a143b3d}\DefaultObjectStore\ObjectTable\661\AeFileID,\\REGISTRY\A\{41be5b13-9e94-11ea-95bc-167c9a143b3d}\DefaultObjectStore\ObjectTable\661\_UsnJournalId_,\\REGISTRY\A\{41be5b13-9e94-11ea-95bc-167c9a143b3d}\DefaultObjectStore\ObjectTable\661\AeProgramID,HKLM\SYSTEM\ControlSet001\Control\DeviceClasses\{ad498944-762f-11d0-8dcb-00c04fc3358c}\##?#SW#{eeab7790-c514-11d1-b42b-00805fc1270e}#asyncmac#{ad498944-762f-11d0-8dcb-00c04fc3358c}\Control\ReferenceCount,1,HKLM\SYSTEM\ControlSet001\Control\DeviceClasses\{ad498944-762f-11d0-8dcb-00c04fc3358c}\##?#SW#{eeab7790-c514-11d1-b42b-00805fc1270e}#asyncmac#{ad498944-762f-11d0-8dcb-00c04fc3358c}\#{78032B7E-4968-42D3-9F37-287EA86C0AAA}\Control\Linked,1,HKU\S-1-5-21-575823232-3065301323-1442773979-1000\Software\Microsoft\Windows\CurrentVersion\Internet Settings\ZoneMap\\AutoDetect,1,HKU\S-1-5-21-575823232-3065301323-1442773979-1000\Software\Microsoft\Windows\CurrentVersion\Internet Settings\ZoneMap\\UNCAsIntranet,0,HKU\S-1-5-18\Software\Microsoft\Windows Script\Settings\JITDebug,0,HKLM\SYSTEM\ControlSet001\Control\DeviceClasses\{cac88484-7515-4c03-82e6-71a87abac361}\##?#SW#{eeab7790-c514-11d1-b42b-00805fc1270e}#asyncmac#{cac88484-7515-4c03-82e6-71a87abac361}\#\Control\Linked,1,HKLM\SYSTEM\ControlSet001\Services\Tcpip\Parameters\Interfaces\{b5da8633-954c-4495-ae46-0bb5b5fb1cdc}\DhcpDefaultGateway,"%GATEWAY%
",HKLM\SYSTEM\ControlSet001\Services\Tcpip\Parameters\Interfaces\{b5da8633-954c-4495-ae46-0bb5b5fb1cdc}\DhcpDomain,sales.local,HKLM\SYSTEM\ControlSet001\Services\Tcpip\Parameters\Interfaces\{b5da8633-954c-4495-ae46-0bb5b5fb1cdc}\DhcpSubnetMaskOpt,"255.255.255.0
",HKLM\SYSTEM\ControlSet001\Services\Tcpip\Parameters\Interfaces\{b5da8633-954c-4495-ae46-0bb5b5fb1cdc}\DhcpNameServer,%GATEWAY%,\\REGISTRY\A\{41be5b13-9e94-11ea-95bc-167c9a143b3d}\DefaultObjectStore\LruList\0000000000002B69\ObjectLru,\\REGISTRY\A\{41be5b13-9e94-11ea-95bc-167c9a143b3d}\DefaultObjectStore\LruList\0000000000002B69\ObjectId,HKLM\SYSTEM\ControlSet001\Control\DeviceClasses\{cac88484-7515-4c03-82e6-71a87abac361}\##?#SW#{eeab7790-c514-11d1-b42b-00805fc1270e}#asyncmac#{cac88484-7515-4c03-82e6-71a87abac361}\#\SymbolicLink,\\?\SW#{eeab7790-c514-11d1-b42b-00805fc1270e}#asyncmac#{cac88484-7515-4c03-82e6-71a87abac361},HKLM\SOFTWARE\Microsoft\WBEM\PROVIDERS\Performance\Performance Refresh,0,HKLM\SOFTWARE\Microsoft\WBEM\PROVIDERS\Performance\Performance Refreshed,1,HKLM\SOFTWARE\Microsoft\WBEM\PROVIDERS\Performance\Performance Data,28 1B 00 00 01 00 00 00 00 00 00 00 10 00 00 00 18 1B 00 00 09 00 00 00 9A 00 00 00 01 00 00 00 01 00 00 00 40 00 00 00 1A 00 00 00 5C 00 5C 00 2E 00 5C 00 72 00 6F 00 6F 00 74 00 5C 00 77 00 6D 00 69 00 00 00 00 00 00 00 00 00 00 00 00 00 C0 01 00 00 04 00 00 00 08 00 00 00 01 00 00 00 00 00 00 00 01 00 00 00 64 00 00 00 68 00 00 00 3A 00 00 00 4D 00 53 00 69 00 53 00 43 00 53 00 49 00 5F 00 43 00 6F 00 6E 00 6E 00 65 00 63 00 74 00 69 00 6F 00 6E 00 53 00 74 00 61 00 74 00 69 00 73 00 74 00 69 00 63 00 73 00 00 00 00 00 00 00 00 00 00 00 00 00 30 00 00 00 1A 00 00 00 49 00 6E 00 73 00 74 00 61 00 6E 00 63 00 65 00 4E 00 61 00 6D 00 65 00 00 00 6F 77 00 00 00 00 00 00 00 00 00 00 00 00 48 00 00 00 00 00 00 00 02 00 00 00 15 00 00 00 00 00 00 00 64 00 00 00 00 05 41 10 48 00 00 00 1C 00 00 00 42 00 79 00 74 00 65 00 73 00 52 00 65 00 63 00 65 00 69 00 76 00 65 00 64 00 00 00 00 00 00 00 00 00 00 00 40 00 00 00 00 00 00 00 04 00 00 00 15 00 00 00 00 00 00 00 64 00 00 00 00 05 41 10 40 00 00 00 14 00 00 00 42 0 .. truncated,\\REGISTRY\A\{41be5b13-9e94-11ea-95bc-167c9a143b3d}\DefaultObjectStore\ObjectTable\661\Indexes\FileIdIndex-{853201e6-2d75-11ea-a138-806e6f6e6963}\1B00000000050F,HKU\S-1-5-21-575823232-3065301323-1442773979-1000\Software\Microsoft\Windows\CurrentVersion\Internet Settings\Connections\SavedLegacySettings,46 00 00 00 04 01 00 00 03 00 00 00 14 00 00 00 65 78 74 72 61 63 74 6F 72 2E 70 72 6F 78 79 3A 38 30 38 30 00 00 00 00 00 00 00 00 00 00 00 00 00 00 00 00 00 D0 5C 01 4D C1 D5 01 00 00 00 00 00 00 00 00 00 00 00 00 00 00 00 00,HKLM\Software\Microsoft\WBEM\WDM\DREDGE\%windir%\System32\Drivers\portcls.SYS[PortclsMof],"LowDateTime:418629328,HighDateTime:30487037***Binary mof compiled successfully",HKLM\Software\Microsoft\WBEM\WDM\DREDGE\%windir%\system32\DRIVERS\HDAudBus.sys[HDAudioMofName],"LowDateTime:-227274444,HighDateTime:30116024***Binary mof compiled successfully",HKLM\Software\Microsoft\WBEM\WDM\DREDGE\%windir%\System32\Drivers\en-US\portcls.SYS.mui[PortclsMof],"LowDateTime:1137199616,HighDateTime:30016579***Binary mof compiled successfully",HKLM\Software\Microsoft\WBEM\WDM\DREDGE\%windir%\system32\DRIVERS\en-US\mssmbios.sys.mui[MofResource],"LowDateTime:1497199616,HighDateTime:30016579***Binary mof compiled successfully",HKLM\Software\Microsoft\WBEM\WDM\DREDGE\%windir%\system32\advapi32.dll[MofResourceName],"LowDateTime:302488720,HighDateTime:30778805***Binary mof compiled successfully",HKLM\Software\Microsoft\WBEM\WDM\DREDGE\%windir%\system32\en-US\advapi32.dll.mui[MofResourceName],"LowDateTime:369951187,HighDateTime:30778805***Binary mof compiled successfully",HKLM\Software\Microsoft\WBEM\WDM\DREDGE\%windir%\system32\DRIVERS\en-US\ACPI.sys.mui[ACPIMOFResource],"LowDateTime:1237199616,HighDateTime:30016579***Binary mof compiled successfully",HKLM\Software\Microsoft\WBEM\WDM\DREDGE\%windir%\system32\DRIVERS\en-US\HDAudBus.sys.mui[HDAudioMofName],"LowDateTime:-377767680,HighDateTime:30016579***Binary mof compiled successfully",HKLM\Software\Microsoft\WBEM\WDM\DREDGE\%windir%\system32\drivers\en-US\ndis.sys.mui[MofResourceName],"LowDateTime:382232320,HighDateTime:30016580***Binary mof failed, see WMIPROV.LOG",HKLM\Software\Microsoft\WBEM\WDM\DREDGE\%windir%\system32\DRIVERS\en-US\intelppm.sys.mui[PROCESSORWMI],"LowDateTime:-577767680,HighDateTime:30016579***Binary mof compiled successfully",HKLM\Software\Microsoft\WBEM\WDM\DREDGE\IDE\DiskAMDX_HARDDISK___________________________2.5+____\5&2770a7af&0&0.0.0_0-{05901221-D566-11d1-B2F0-00A0C9062910},"LowDateTime:803713417,HighDateTime:0***Binary mof compiled successfully",HKLM\Software\Microsoft\WBEM\WDM\DREDGE\%windir%\system32\DRIVERS\intelppm.sys[PROCESSORWMI],"LowDateTime:-445445610,HighDateTime:30778799***Binary mof compiled successfully",HKLM\Software\Microsoft\WBEM\WDM\DREDGE\%windir%\system32\DRIVERS\ACPI.sys[ACPIMOFResource],"LowDateTime:398767260,HighDateTime:30646967***Binary mof compiled successfully",HKLM\Software\Microsoft\WBEM\WDM\DREDGE\%windir%\system32\DRIVERS\monitor.sys[MonitorWMI],"LowDateTime:-1637837527,HighDateTime:30762899***Binary mof failed, see WMIPROV.LOG",HKLM\Software\Microsoft\WBEM\WDM\DREDGE\%windir%\system32\DRIVERS\mssmbios.sys[MofResource],"LowDateTime:-649833737,HighDateTime:30733938***Binary mof compiled successfully",HKU\S-1-5-18\Software\Classes\Local Settings\MuiCache\17b\52C64B7E\LanguageList,"en-US
en
",\\Registry\Machine\Software\Microsoft\Windows NT\CurrentVersion\Time Zones\Paraguay Standard Time\TZI,HKU\S-1-5-18\Software\Microsoft\Windows\CurrentVersion\Internet Settings\Wpad\00-22-44-66-88-fe\WpadDecisionTime,C0 93 4C 36 A1 32 D6 01,HKU\S-1-5-18\Software\Microsoft\Windows\CurrentVersion\Internet Settings\Wpad\00-22-44-66-88-fe\WpadDecision,0,HKU\S-1-5-18\Software\Microsoft\Windows\CurrentVersion\Internet Settings\Wpad\00-22-44-66-88-fe\WpadDecisionReason,2,HKU\S-1-5-21-575823232-3065301323-1442773979-1000\Software\Microsoft\Windows\CurrentVersion\Internet Settings\5.0\Cache\Cookies\CachePrefix,Cookie:,\\REGISTRY\A\{41be5b13-9e94-11ea-95bc-167c9a143b3d}\DefaultObjectStore\_CurrentObjectId_,\\Registry\Machine\Software\Microsoft\Windows NT\CurrentVersion\Time Zones\Greenland Standard Time\TZI,HKU\S-1-5-21-575823232-3065301323-1442773979-1000_CLASSES\Local Settings\MuiCache\17b\52C64B7E\LanguageList,"en-US
en
",HKLM\SOFTWARE\Microsoft\Windows\CurrentVersion\BITS\StateIndex,1,HKLM\SOFTWARE\Microsoft\Windows NT\CurrentVersion\Perflib\Last Counter,12642,HKLM\SOFTWARE\Microsoft\Windows NT\CurrentVersion\Perflib\Last Help,12643,HKLM\SOFTWARE\Microsoft\Windows NT\CurrentVersion\Perflib\Updating,HKLM\SYSTEM\ControlSet001\Control\DeviceClasses\{ad498944-762f-11d0-8dcb-00c04fc3358c}\##?#SW#{eeab7790-c514-11d1-b42b-00805fc1270e}#asyncmac#{ad498944-762f-11d0-8dcb-00c04fc3358c}\DeviceInstance,SW\{eeab7790-c514-11d1-b42b-00805fc1270e}\asyncmac,HKLM\SYSTEM\ControlSet001\Control\DeviceClasses\{cac88484-7515-4c03-82e6-71a87abac361}\##?#SW#{eeab7790-c514-11d1-b42b-00805fc1270e}#asyncmac#{cac88484-7515-4c03-82e6-71a87abac361}\Control\ReferenceCount,1,HKLM\SYSTEM\ControlSet001\Control\Nsi\{eb004a03-9b1a-11d4-9123-0050047759bc}\22\(Default),HKLM\SYSTEM\ControlSet001\Control\Nsi\{eb004a03-9b1a-11d4-9123-0050047759bc}\24\ffffffffffffffffffffffffffffff00,00 00 00 00 00 00 00 00 00 00 00 00 FF FF FF FF FF FF FF FF FF FF FF FF,HKLM\SYSTEM\ControlSet001\Control\Nsi\{eb004a03-9b1a-11d4-9123-0050047759bc}\24\ffffffffffffffffffffffffffffff01,00 00 00 00 47 29 00 00 19 00 00 00 FF FF FF FF FF FF FF FF FF FF FF FF,HKLM\SYSTEM\ControlSet001\Control\Nsi\{eb004a03-9b1a-11d4-9123-0050047759bc}\24\ffffffffffffffffffffffffffffff02,01 00 00 00 5A 00 00 00 D6 17 00 00 FF FF FF FF FF FF FF FF FF FF FF FF,HKLM\SYSTEM\ControlSet001\Control\Nsi\{eb004a03-9b1a-11d4-9123-0050047759bc}\24\ffffffffffffffffffffffffffffff03,00 00 00 00 00 00 00 00 00 00 00 00 FF FF FF FF FF FF FF FF FF FF FF FF,HKU\S-1-5-21-575823232-3065301323-1442773979-1000\Software\Microsoft\Windows\CurrentVersion\Internet Settings\5.0\Cache\History\CachePrefix,Visited:,TCP,56.124.254.113,445,TCP,176.199.64.116,445,TCP,201.71.160.114,445,TCP,143.59.248.117,445,TCP,204.127.88.103,445,TCP,57.74.235.106,445,TCP,188.228.118.122,445,TCP,45.111.39.114,445,TCP,144.231.143.116,445,TCP,221.224.32.114,445,TCP,69.66.85.114,445,TCP,133.166.213.108,445,TCP,69.127.251.105,445,TCP,71.96.81.113,445,TCP,4.170.32.117,445,TCP,118.14.14.111,445,TCP,26.171.184.118,445,TCP,51.109.0.105,445,TCP,38.29.248.119,445,TCP,118.125.107.108,445,TCP,113.142.33.110,445,TCP,176.15.169.105,445,TCP,2.75.204.103,445,TCP,180.237.41.108,445,TCP,139.120.195.122,445,TCP,69.85.135.105,445,TCP,157.225.199.119,445,TCP,173.160.199.124,445,TCP,65.115.178.112,445,TCP,70.59.5.114,445,TCP,174.89.208.123,445,TCP,192.41.5.123,445,TCP,69.127.251.104,445,TCP,118.14.14.110,445,TCP,174.89.208.122,445,TCP,113.142.33.109,445,TCP,157.225.199.118,445,TCP,56.124.254.112,445,TCP,201.71.160.113,445,TCP,221.224.32.113,445,TCP,26.171.184.117,445,TCP,57.74.235.105,445,TCP,176.15.169.104,445,TCP,70.59.5.113,445,TCP,69.85.135.104,445,TCP,4.170.32.116,445,TCP,204.127.88.102,445,TCP,133.166.213.107,445,TCP,143.59.248.116,445,TCP,139.120.195.121,445,TCP,65.115.178.111,445,TCP,51.109.0.104,445,TCP,180.237.41.107,445,TCP,45.111.39.113,445,70,2196,%windir%\System32\svchost.exe -k WerSvcGroup,2352,wmiadap.exe /F /T /R,2620,%SANDBOX_DLL_LOADER_X86% %SAMPLEPATH% %WORKDIR% 483,2700,1,%windir%\mssecsvr.exe,2728,%windir%\system32\DllHost.exe /Processid:{3EB3C877-1F16-487C-9050-104DBCD66683},2328,%windir%\system32\wbem\wmiprvse.exe,2780,%windir%\mssecsvr.exe -m security,%windir%\System32\svchost.exe -k WerSvcGroup,wmiadap.exe /F /T /R,%windir%\mssecsvr.exe,%windir%\system32\DllHost.exe /Processid:{3EB3C877-1F16-487C-9050-104DBCD66683},2606:4700:3036::ac43:c4e4,104.21.68.165,172.67.196.228,2606:4700:3034::6815:44a5,www.ifferfsodp9ifjaposdfjhgosurijfaewrwergwea.com,HKLM\SYSTEM\ControlSet001\Services\Tcpip\Parameters\DhcpNameServer,HKLM\SYSTEM\ControlSet001\Services\Tcpip\Parameters\DhcpDomain,HKLM\SYSTEM\ControlSet001\Services\WmiApRpl\Performance\First Counter,HKLM\SYSTEM\ControlSet001\Services\WmiApRpl\Performance\Last Counter,HKLM\SYSTEM\ControlSet001\Services\WmiApRpl\Performance\First Help,HKLM\SYSTEM\ControlSet001\Services\WmiApRpl\Performance\Last Help,HKLM\SYSTEM\ControlSet001\Services\WmiApRpl\Performance\Object List,HKLM\SYSTEM\ControlSet001\Services\Tcpip\Parameters\Interfaces\{b5da8633-954c-4495-ae46-0bb5b5fb1cdc}\DhcpNameServer,HKLM\SYSTEM\ControlSet001\Services\Tcpip\Parameters\Interfaces\{b5da8633-954c-4495-ae46-0bb5b5fb1cdc}\DhcpDomain,HKLM\SYSTEM\ControlSet001\Services\Tcpip\Parameters\Interfaces\{b5da8633-954c-4495-ae46-0bb5b5fb1cdc}\DhcpSubnetMaskOpt,HKLM\SYSTEM\ControlSet001\Services\Tcpip\Parameters\Interfaces\{b5da8633-954c-4495-ae46-0bb5b5fb1cdc}\DhcpDefaultGateway,%SANDBOX_DLL_LOADER_X86% %SAMPLEPATH% %WORKDIR% 483,%windir%\mssecsvr.exe,WannaCry_KillSwitch,www.ifferfsodp9ifjaposdfjhgosurijfaewrwergwea.com,%windir%\mssecsvr.exe,5603b317d38dcddf91eaaad211e84de848844ff181fa2d726c1d1aad32c27c5f,http://www.ifferfsodp9ifjaposdfjhgosurijfaewrwergwea.com
