meta.count,data0.attributes.last_dns_records0.type,data0.attributes.last_dns_records0.value,data0.attributes.last_dns_records0.ttl,data0.attributes.last_dns_records1.type,data0.attributes.last_dns_records1.value,data0.attributes.last_dns_records1.ttl,data0.attributes.last_dns_records2.type,data0.attributes.last_dns_records2.value,data0.attributes.last_dns_records2.ttl,data0.attributes.last_dns_records3.rname,data0.attributes.last_dns_records3.retry,data0.attributes.last_dns_records3.refresh,data0.attributes.last_dns_records3.minimum,data0.attributes.last_dns_records3.value,data0.attributes.last_dns_records3.expire,data0.attributes.last_dns_records3.ttl,data0.attributes.last_dns_records3.serial,data0.attributes.last_dns_records3.type,data0.attributes.last_dns_records4.type,data0.attributes.last_dns_records4.value,data0.attributes.last_dns_records4.ttl,data0.attributes.last_dns_records5.type,data0.attributes.last_dns_records5.value,data0.attributes.last_dns_records5.ttl,data0.attributes.whois,data0.attributes.last_https_certificate_date,data0.attributes.popularity_ranks.Statvoo.timestamp,data0.attributes.popularity_ranks.Statvoo.rank,data0.attributes.popularity_ranks.Alexa.timestamp,data0.attributes.popularity_ranks.Alexa.rank,data0.attributes.last_dns_records_date,data0.attributes.last_analysis_stats.harmless,data0.attributes.last_analysis_stats.malicious,data0.attributes.last_analysis_stats.suspicious,data0.attributes.last_analysis_stats.undetected,data0.attributes.last_analysis_stats.timeout,data0.attributes.creation_date,data0.attributes.whois_date,data0.attributes.reputation,data0.attributes.registrar,data0.attributes.last_analysis_results.CMC Threat Intelligence.category,data0.attributes.last_analysis_results.CMC Threat Intelligence.result,data0.attributes.last_analysis_results.CMC Threat Intelligence.method,data0.attributes.last_analysis_results.CMC Threat Intelligence.engine_name,data0.attributes.last_analysis_results.Snort IP sample list.category,data0.attributes.last_analysis_results.Snort IP sample list.result,data0.attributes.last_analysis_results.Snort IP sample list.method,data0.attributes.last_analysis_results.Snort IP sample list.engine_name,data0.attributes.last_analysis_results.0xSI_f33d.category,data0.attributes.last_analysis_results.0xSI_f33d.result,data0.attributes.last_analysis_results.0xSI_f33d.method,data0.attributes.last_analysis_results.0xSI_f33d.engine_name,data0.attributes.last_analysis_results.Armis.category,data0.attributes.last_analysis_results.Armis.result,data0.attributes.last_analysis_results.Armis.method,data0.attributes.last_analysis_results.Armis.engine_name,data0.attributes.last_analysis_results.Comodo Valkyrie Verdict.category,data0.attributes.last_analysis_results.Comodo Valkyrie Verdict.result,data0.attributes.last_analysis_results.Comodo Valkyrie Verdict.method,data0.attributes.last_analysis_results.Comodo Valkyrie Verdict.engine_name,data0.attributes.last_analysis_results.PhishLabs.category,data0.attributes.last_analysis_results.PhishLabs.result,data0.attributes.last_analysis_results.PhishLabs.method,data0.attributes.last_analysis_results.PhishLabs.engine_name,data0.attributes.last_analysis_results.K7AntiVirus.category,data0.attributes.last_analysis_results.K7AntiVirus.result,data0.attributes.last_analysis_results.K7AntiVirus.method,data0.attributes.last_analysis_results.K7AntiVirus.engine_name,data0.attributes.last_analysis_results.CINS Army.category,data0.attributes.last_analysis_results.CINS Army.result,data0.attributes.last_analysis_results.CINS Army.method,data0.attributes.last_analysis_results.CINS Army.engine_name,data0.attributes.last_analysis_results.Quttera.category,data0.attributes.last_analysis_results.Quttera.result,data0.attributes.last_analysis_results.Quttera.method,data0.attributes.last_analysis_results.Quttera.engine_name,data0.attributes.last_analysis_results.OpenPhish.category,data0.attributes.last_analysis_results.OpenPhish.result,data0.attributes.last_analysis_results.OpenPhish.method,data0.attributes.last_analysis_results.OpenPhish.engine_name,data0.attributes.last_analysis_results.VX Vault.category,data0.attributes.last_analysis_results.VX Vault.result,data0.attributes.last_analysis_results.VX Vault.method,data0.attributes.last_analysis_results.VX Vault.engine_name,data0.attributes.last_analysis_results.Web Security Guard.category,data0.attributes.last_analysis_results.Web Security Guard.result,data0.attributes.last_analysis_results.Web Security Guard.method,data0.attributes.last_analysis_results.Web Security Guard.engine_name,data0.attributes.last_analysis_results.Scantitan.category,data0.attributes.last_analysis_results.Scantitan.result,data0.attributes.last_analysis_results.Scantitan.method,data0.attributes.last_analysis_results.Scantitan.engine_name,data0.attributes.last_analysis_results.AlienVault.category,data0.attributes.last_analysis_results.AlienVault.result,data0.attributes.last_analysis_results.AlienVault.method,data0.attributes.last_analysis_results.AlienVault.engine_name,data0.attributes.last_analysis_results.Sophos.category,data0.attributes.last_analysis_results.Sophos.result,data0.attributes.last_analysis_results.Sophos.method,data0.attributes.last_analysis_results.Sophos.engine_name,data0.attributes.last_analysis_results.Phishtank.category,data0.attributes.last_analysis_results.Phishtank.result,data0.attributes.last_analysis_results.Phishtank.method,data0.attributes.last_analysis_results.Phishtank.engine_name,data0.attributes.last_analysis_results.EonScope.category,data0.attributes.last_analysis_results.EonScope.result,data0.attributes.last_analysis_results.EonScope.method,data0.attributes.last_analysis_results.EonScope.engine_name,data0.attributes.last_analysis_results.CyberCrime.category,data0.attributes.last_analysis_results.CyberCrime.result,data0.attributes.last_analysis_results.CyberCrime.method,data0.attributes.last_analysis_results.CyberCrime.engine_name,data0.attributes.last_analysis_results.Spam404.category,data0.attributes.last_analysis_results.Spam404.result,data0.attributes.last_analysis_results.Spam404.method,data0.attributes.last_analysis_results.Spam404.engine_name,data0.attributes.last_analysis_results.SecureBrain.category,data0.attributes.last_analysis_results.SecureBrain.result,data0.attributes.last_analysis_results.SecureBrain.method,data0.attributes.last_analysis_results.SecureBrain.engine_name,data0.attributes.last_analysis_results.Hoplite Industries.category,data0.attributes.last_analysis_results.Hoplite Industries.result,data0.attributes.last_analysis_results.Hoplite Industries.method,data0.attributes.last_analysis_results.Hoplite Industries.engine_name,data0.attributes.last_analysis_results.CRDF.category,data0.attributes.last_analysis_results.CRDF.result,data0.attributes.last_analysis_results.CRDF.method,data0.attributes.last_analysis_results.CRDF.engine_name,data0.attributes.last_analysis_results.Fortinet.category,data0.attributes.last_analysis_results.Fortinet.result,data0.attributes.last_analysis_results.Fortinet.method,data0.attributes.last_analysis_results.Fortinet.engine_name,data0.attributes.last_analysis_results.alphaMountain.ai.category,data0.attributes.last_analysis_results.alphaMountain.ai.result,data0.attributes.last_analysis_results.alphaMountain.ai.method,data0.attributes.last_analysis_results.alphaMountain.ai.engine_name,data0.attributes.last_analysis_results.Lionic.category,data0.attributes.last_analysis_results.Lionic.result,data0.attributes.last_analysis_results.Lionic.method,data0.attributes.last_analysis_results.Lionic.engine_name,data0.attributes.last_analysis_results.Virusdie External Site Scan.category,data0.attributes.last_analysis_results.Virusdie External Site Scan.result,data0.attributes.last_analysis_results.Virusdie External Site Scan.method,data0.attributes.last_analysis_results.Virusdie External Site Scan.engine_name,data0.attributes.last_analysis_results.Google Safebrowsing.category,data0.attributes.last_analysis_results.Google Safebrowsing.result,data0.attributes.last_analysis_results.Google Safebrowsing.method,data0.attributes.last_analysis_results.Google Safebrowsing.engine_name,data0.attributes.last_analysis_results.SafeToOpen.category,data0.attributes.last_analysis_results.SafeToOpen.result,data0.attributes.last_analysis_results.SafeToOpen.method,data0.attributes.last_analysis_results.SafeToOpen.engine_name,data0.attributes.last_analysis_results.ADMINUSLabs.category,data0.attributes.last_analysis_results.ADMINUSLabs.result,data0.attributes.last_analysis_results.ADMINUSLabs.method,data0.attributes.last_analysis_results.ADMINUSLabs.engine_name,data0.attributes.last_analysis_results.Cyan.category,data0.attributes.last_analysis_results.Cyan.result,data0.attributes.last_analysis_results.Cyan.method,data0.attributes.last_analysis_results.Cyan.engine_name,data0.attributes.last_analysis_results.Heimdal Security.category,data0.attributes.last_analysis_results.Heimdal Security.result,data0.attributes.last_analysis_results.Heimdal Security.method,data0.attributes.last_analysis_results.Heimdal Security.engine_name,data0.attributes.last_analysis_results.AutoShun.category,data0.attributes.last_analysis_results.AutoShun.result,data0.attributes.last_analysis_results.AutoShun.method,data0.attributes.last_analysis_results.AutoShun.engine_name,data0.attributes.last_analysis_results.Trustwave.category,data0.attributes.last_analysis_results.Trustwave.result,data0.attributes.last_analysis_results.Trustwave.method,data0.attributes.last_analysis_results.Trustwave.engine_name,data0.attributes.last_analysis_results.AICC (MONITORAPP).category,data0.attributes.last_analysis_results.AICC (MONITORAPP).result,data0.attributes.last_analysis_results.AICC (MONITORAPP).method,data0.attributes.last_analysis_results.AICC (MONITORAPP).engine_name,data0.attributes.last_analysis_results.CyRadar.category,data0.attributes.last_analysis_results.CyRadar.result,data0.attributes.last_analysis_results.CyRadar.method,data0.attributes.last_analysis_results.CyRadar.engine_name,data0.attributes.last_analysis_results.Dr.Web.category,data0.attributes.last_analysis_results.Dr.Web.result,data0.attributes.last_analysis_results.Dr.Web.method,data0.attributes.last_analysis_results.Dr.Web.engine_name,data0.attributes.last_analysis_results.Emsisoft.category,data0.attributes.last_analysis_results.Emsisoft.result,data0.attributes.last_analysis_results.Emsisoft.method,data0.attributes.last_analysis_results.Emsisoft.engine_name,data0.attributes.last_analysis_results.Abusix.category,data0.attributes.last_analysis_results.Abusix.result,data0.attributes.last_analysis_results.Abusix.method,data0.attributes.last_analysis_results.Abusix.engine_name,data0.attributes.last_analysis_results.Webroot.category,data0.attributes.last_analysis_results.Webroot.result,data0.attributes.last_analysis_results.Webroot.method,data0.attributes.last_analysis_results.Webroot.engine_name,data0.attributes.last_analysis_results.Avira.category,data0.attributes.last_analysis_results.Avira.result,data0.attributes.last_analysis_results.Avira.method,data0.attributes.last_analysis_results.Avira.engine_name,data0.attributes.last_analysis_results.securolytics.category,data0.attributes.last_analysis_results.securolytics.result,data0.attributes.last_analysis_results.securolytics.method,data0.attributes.last_analysis_results.securolytics.engine_name,data0.attributes.last_analysis_results.Antiy-AVL.category,data0.attributes.last_analysis_results.Antiy-AVL.result,data0.attributes.last_analysis_results.Antiy-AVL.method,data0.attributes.last_analysis_results.Antiy-AVL.engine_name,data0.attributes.last_analysis_results.Acronis.category,data0.attributes.last_analysis_results.Acronis.result,data0.attributes.last_analysis_results.Acronis.method,data0.attributes.last_analysis_results.Acronis.engine_name,data0.attributes.last_analysis_results.Quick Heal.category,data0.attributes.last_analysis_results.Quick Heal.result,data0.attributes.last_analysis_results.Quick Heal.method,data0.attributes.last_analysis_results.Quick Heal.engine_name,data0.attributes.last_analysis_results.ESTsecurity-Threat Inside.category,data0.attributes.last_analysis_results.ESTsecurity-Threat Inside.result,data0.attributes.last_analysis_results.ESTsecurity-Threat Inside.method,data0.attributes.last_analysis_results.ESTsecurity-Threat Inside.engine_name,data0.attributes.last_analysis_results.DNS8.category,data0.attributes.last_analysis_results.DNS8.result,data0.attributes.last_analysis_results.DNS8.method,data0.attributes.last_analysis_results.DNS8.engine_name,data0.attributes.last_analysis_results.benkow.cc.category,data0.attributes.last_analysis_results.benkow.cc.result,data0.attributes.last_analysis_results.benkow.cc.method,data0.attributes.last_analysis_results.benkow.cc.engine_name,data0.attributes.last_analysis_results.EmergingThreats.category,data0.attributes.last_analysis_results.EmergingThreats.result,data0.attributes.last_analysis_results.EmergingThreats.method,data0.attributes.last_analysis_results.EmergingThreats.engine_name,data0.attributes.last_analysis_results.Yandex Safebrowsing.category,data0.attributes.last_analysis_results.Yandex Safebrowsing.result,data0.attributes.last_analysis_results.Yandex Safebrowsing.method,data0.attributes.last_analysis_results.Yandex Safebrowsing.engine_name,data0.attributes.last_analysis_results.MalwareDomainList.category,data0.attributes.last_analysis_results.MalwareDomainList.result,data0.attributes.last_analysis_results.MalwareDomainList.method,data0.attributes.last_analysis_results.MalwareDomainList.engine_name,data0.attributes.last_analysis_results.Lumu.category,data0.attributes.last_analysis_results.Lumu.result,data0.attributes.last_analysis_results.Lumu.method,data0.attributes.last_analysis_results.Lumu.engine_name,data0.attributes.last_analysis_results.zvelo.category,data0.attributes.last_analysis_results.zvelo.result,data0.attributes.last_analysis_results.zvelo.method,data0.attributes.last_analysis_results.zvelo.engine_name,data0.attributes.last_analysis_results.Kaspersky.category,data0.attributes.last_analysis_results.Kaspersky.result,data0.attributes.last_analysis_results.Kaspersky.method,data0.attributes.last_analysis_results.Kaspersky.engine_name,data0.attributes.last_analysis_results.Segasec.category,data0.attributes.last_analysis_results.Segasec.result,data0.attributes.last_analysis_results.Segasec.method,data0.attributes.last_analysis_results.Segasec.engine_name,data0.attributes.last_analysis_results.Sucuri SiteCheck.category,data0.attributes.last_analysis_results.Sucuri SiteCheck.result,data0.attributes.last_analysis_results.Sucuri SiteCheck.method,data0.attributes.last_analysis_results.Sucuri SiteCheck.engine_name,data0.attributes.last_analysis_results.desenmascara.me.category,data0.attributes.last_analysis_results.desenmascara.me.result,data0.attributes.last_analysis_results.desenmascara.me.method,data0.attributes.last_analysis_results.desenmascara.me.engine_name,data0.attributes.last_analysis_results.URLhaus.category,data0.attributes.last_analysis_results.URLhaus.result,data0.attributes.last_analysis_results.URLhaus.method,data0.attributes.last_analysis_results.URLhaus.engine_name,data0.attributes.last_analysis_results.PREBYTES.category,data0.attributes.last_analysis_results.PREBYTES.result,data0.attributes.last_analysis_results.PREBYTES.method,data0.attributes.last_analysis_results.PREBYTES.engine_name,data0.attributes.last_analysis_results.StopForumSpam.category,data0.attributes.last_analysis_results.StopForumSpam.result,data0.attributes.last_analysis_results.StopForumSpam.method,data0.attributes.last_analysis_results.StopForumSpam.engine_name,data0.attributes.last_analysis_results.Blueliv.category,data0.attributes.last_analysis_results.Blueliv.result,data0.attributes.last_analysis_results.Blueliv.method,data0.attributes.last_analysis_results.Blueliv.engine_name,data0.attributes.last_analysis_results.Netcraft.category,data0.attributes.last_analysis_results.Netcraft.result,data0.attributes.last_analysis_results.Netcraft.method,data0.attributes.last_analysis_results.Netcraft.engine_name,data0.attributes.last_analysis_results.ZeroCERT.category,data0.attributes.last_analysis_results.ZeroCERT.result,data0.attributes.last_analysis_results.ZeroCERT.method,data0.attributes.last_analysis_results.ZeroCERT.engine_name,data0.attributes.last_analysis_results.Phishing Database.category,data0.attributes.last_analysis_results.Phishing Database.result,data0.attributes.last_analysis_results.Phishing Database.method,data0.attributes.last_analysis_results.Phishing Database.engine_name,data0.attributes.last_analysis_results.MalwarePatrol.category,data0.attributes.last_analysis_results.MalwarePatrol.result,data0.attributes.last_analysis_results.MalwarePatrol.method,data0.attributes.last_analysis_results.MalwarePatrol.engine_name,data0.attributes.last_analysis_results.MalBeacon.category,data0.attributes.last_analysis_results.MalBeacon.result,data0.attributes.last_analysis_results.MalBeacon.method,data0.attributes.last_analysis_results.MalBeacon.engine_name,data0.attributes.last_analysis_results.IPsum.category,data0.attributes.last_analysis_results.IPsum.result,data0.attributes.last_analysis_results.IPsum.method,data0.attributes.last_analysis_results.IPsum.engine_name,data0.attributes.last_analysis_results.Spamhaus.category,data0.attributes.last_analysis_results.Spamhaus.result,data0.attributes.last_analysis_results.Spamhaus.method,data0.attributes.last_analysis_results.Spamhaus.engine_name,data0.attributes.last_analysis_results.Malwared.category,data0.attributes.last_analysis_results.Malwared.result,data0.attributes.last_analysis_results.Malwared.method,data0.attributes.last_analysis_results.Malwared.engine_name,data0.attributes.last_analysis_results.BitDefender.category,data0.attributes.last_analysis_results.BitDefender.result,data0.attributes.last_analysis_results.BitDefender.method,data0.attributes.last_analysis_results.BitDefender.engine_name,data0.attributes.last_analysis_results.GreenSnow.category,data0.attributes.last_analysis_results.GreenSnow.result,data0.attributes.last_analysis_results.GreenSnow.method,data0.attributes.last_analysis_results.GreenSnow.engine_name,data0.attributes.last_analysis_results.G-Data.category,data0.attributes.last_analysis_results.G-Data.result,data0.attributes.last_analysis_results.G-Data.method,data0.attributes.last_analysis_results.G-Data.engine_name,data0.attributes.last_analysis_results.StopBadware.category,data0.attributes.last_analysis_results.StopBadware.result,data0.attributes.last_analysis_results.StopBadware.method,data0.attributes.last_analysis_results.StopBadware.engine_name,data0.attributes.last_analysis_results.SCUMWARE.org.category,data0.attributes.last_analysis_results.SCUMWARE.org.result,data0.attributes.last_analysis_results.SCUMWARE.org.method,data0.attributes.last_analysis_results.SCUMWARE.org.engine_name,data0.attributes.last_analysis_results.malwares.com URL checker.category,data0.attributes.last_analysis_results.malwares.com URL checker.result,data0.attributes.last_analysis_results.malwares.com URL checker.method,data0.attributes.last_analysis_results.malwares.com URL checker.engine_name,data0.attributes.last_analysis_results.NotMining.category,data0.attributes.last_analysis_results.NotMining.result,data0.attributes.last_analysis_results.NotMining.method,data0.attributes.last_analysis_results.NotMining.engine_name,data0.attributes.last_analysis_results.Forcepoint ThreatSeeker.category,data0.attributes.last_analysis_results.Forcepoint ThreatSeeker.result,data0.attributes.last_analysis_results.Forcepoint ThreatSeeker.method,data0.attributes.last_analysis_results.Forcepoint ThreatSeeker.engine_name,data0.attributes.last_analysis_results.Certego.category,data0.attributes.last_analysis_results.Certego.result,data0.attributes.last_analysis_results.Certego.method,data0.attributes.last_analysis_results.Certego.engine_name,data0.attributes.last_analysis_results.ESET.category,data0.attributes.last_analysis_results.ESET.result,data0.attributes.last_analysis_results.ESET.method,data0.attributes.last_analysis_results.ESET.engine_name,data0.attributes.last_analysis_results.Threatsourcing.category,data0.attributes.last_analysis_results.Threatsourcing.result,data0.attributes.last_analysis_results.Threatsourcing.method,data0.attributes.last_analysis_results.Threatsourcing.engine_name,data0.attributes.last_analysis_results.MalSilo.category,data0.attributes.last_analysis_results.MalSilo.result,data0.attributes.last_analysis_results.MalSilo.method,data0.attributes.last_analysis_results.MalSilo.engine_name,data0.attributes.last_analysis_results.Nucleon.category,data0.attributes.last_analysis_results.Nucleon.result,data0.attributes.last_analysis_results.Nucleon.method,data0.attributes.last_analysis_results.Nucleon.engine_name,data0.attributes.last_analysis_results.BADWARE.INFO.category,data0.attributes.last_analysis_results.BADWARE.INFO.result,data0.attributes.last_analysis_results.BADWARE.INFO.method,data0.attributes.last_analysis_results.BADWARE.INFO.engine_name,data0.attributes.last_analysis_results.ThreatHive.category,data0.attributes.last_analysis_results.ThreatHive.result,data0.attributes.last_analysis_results.ThreatHive.method,data0.attributes.last_analysis_results.ThreatHive.engine_name,data0.attributes.last_analysis_results.FraudScore.category,data0.attributes.last_analysis_results.FraudScore.result,data0.attributes.last_analysis_results.FraudScore.method,data0.attributes.last_analysis_results.FraudScore.engine_name,data0.attributes.last_analysis_results.Tencent.category,data0.attributes.last_analysis_results.Tencent.result,data0.attributes.last_analysis_results.Tencent.method,data0.attributes.last_analysis_results.Tencent.engine_name,data0.attributes.last_analysis_results.Bfore.Ai PreCrime.category,data0.attributes.last_analysis_results.Bfore.Ai PreCrime.result,data0.attributes.last_analysis_results.Bfore.Ai PreCrime.method,data0.attributes.last_analysis_results.Bfore.Ai PreCrime.engine_name,data0.attributes.last_analysis_results.Baidu-International.category,data0.attributes.last_analysis_results.Baidu-International.result,data0.attributes.last_analysis_results.Baidu-International.method,data0.attributes.last_analysis_results.Baidu-International.engine_name,data0.attributes.last_update_date,data0.attributes.last_modification_date,data0.attributes.last_https_certificate.size,data0.attributes.last_https_certificate.public_key.rsa.key_size,data0.attributes.last_https_certificate.public_key.rsa.modulus,data0.attributes.last_https_certificate.public_key.rsa.exponent,data0.attributes.last_https_certificate.public_key.algorithm,data0.attributes.last_https_certificate.thumbprint_sha256,data0.attributes.last_https_certificate.cert_signature.signature,data0.attributes.last_https_certificate.cert_signature.signature_algorithm,data0.attributes.last_https_certificate.validity.not_after,data0.attributes.last_https_certificate.validity.not_before,data0.attributes.last_https_certificate.version,data0.attributes.last_https_certificate.extensions.certificate_policies0,data0.attributes.last_https_certificate.extensions.certificate_policies1,data0.attributes.last_https_certificate.extensions.extended_key_usage0,data0.attributes.last_https_certificate.extensions.extended_key_usage1,data0.attributes.last_https_certificate.extensions.authority_key_identifier.keyid,data0.attributes.last_https_certificate.extensions.subject_alternative_name0,data0.attributes.last_https_certificate.extensions.subject_alternative_name1,data0.attributes.last_https_certificate.extensions.subject_key_identifier,data0.attributes.last_https_certificate.extensions.key_usage0,data0.attributes.last_https_certificate.extensions.1.3.6.1.4.1.11129.2.4.2,data0.attributes.last_https_certificate.extensions.CA,data0.attributes.last_https_certificate.extensions.ca_information_access.CA Issuers,data0.attributes.last_https_certificate.extensions.ca_information_access.OCSP,data0.attributes.last_https_certificate.signature_algorithm,data0.attributes.last_https_certificate.serial_number,data0.attributes.last_https_certificate.thumbprint,data0.attributes.last_https_certificate.issuer.C,data0.attributes.last_https_certificate.issuer.CN,data0.attributes.last_https_certificate.issuer.O,data0.attributes.last_https_certificate.subject.CN,data0.attributes.categories.alphaMountain.ai,data0.attributes.total_votes.harmless,data0.attributes.total_votes.malicious,data0.type,data0.id,data0.links.self,links.self
1,NS,dns3.idp365.net,21600,NS,dns1.idp365.net,21600,A,217.19.248.132,900,hostmaster.idp365.net,1800,28800,3600,dns1.idp365.net,604800,21600,2020080601,SOA,NS,dns2.idp365.net,21600,TXT,v=spf1 -all,900,"Admin City: Milton Keynes
Admin Country: UK
Admin Email: d52ad5e18ac11e26s@safenames.net
Admin Organisation: Safenames Ltd
Admin Postal Code: MK14 6LS
Admin State/Province: Bucks
Creation Date: 1998-09-23T04:00:00Z
DNSSEC: unsigned
Domain Name: RANGE.COM
Domain Status: clientDeleteProhibited https://icann.org/epp#clientDeleteProhibited
Domain Status: clientTransferProhibited https://icann.org/epp#clientTransferProhibited
Domain Status: clientUpdateProhibited https://icann.org/epp#clientUpdateProhibited
Domain Status: ok https://icann.org/epp#ok
Name Server: DNS1.IDP365.NET
Name Server: DNS2.IDP365.NET
Name Server: DNS3.IDP365.NET
Name Server: dns1.idp365.net
Name Server: dns2.idp365.net
Name Server: dns3.idp365.net
Registrant City: 9b6bca3191dd6b5e
Registrant Country: UK
Registrant Email: c215fc66323f439as@yourwhoisprivacy.com
Registrant Fax: 26e106227fad0d6a
Registrant Name: 26e106227fad0d6a
Registrant Organisation: 44ea70b4304452eb
Registrant Phone: 26e106227fad0d6a
Registrant Postal Code: b41375e0181f7c7a
Registrant State/Province: 1d7dff09bc143f8b
Registrant Street: 15df501937661001
Registrant Street: 438ad730dbb18596
Registrar Abuse Contact Email: abuse@safenames.net
Registrar Abuse Contact Phone: +44.1908200022
Registrar IANA ID: 447
Registrar Registration Expiration Date: 2027-09-22T04:00:00Z
Registrar URL: http://www.safenames.net
Registrar WHOIS Server: whois.safenames.net
Registrar: SafeNames Ltd.
Registrar: Safenames Ltd
Registry Admin ID: Not Available From Registry
Registry Domain ID: 2702823_DOMAIN_COM-VRSN
Registry Expiry Date: 2027-09-22T04:00:00Z
Registry Registrant ID: Not Available From Registry
Registry Tech ID: Not Available From Registry
Tech City: Milton Keynes
Tech Country: UK
Tech Email: d52ad5e18ac11e26s@safenames.net
Tech Organisation: Safenames Ltd
Tech Postal Code: MK14 6LS
Tech State/Province: Bucks
Updated Date: 2020-08-06T17:08:05Z
Updated Date: 2020-08-06T18:16:04Z",1594297682,1628782565,264599,1620228966,291664,1632112034,86,0,1,0,0,906523200,1632112034,0,SafeNames Ltd.,harmless,clean,blacklist,CMC Threat Intelligence,harmless,clean,blacklist,Snort IP sample list,harmless,clean,blacklist,0xSI_f33d,harmless,clean,blacklist,Armis,harmless,clean,blacklist,Comodo Valkyrie Verdict,harmless,clean,blacklist,PhishLabs,harmless,clean,blacklist,K7AntiVirus,harmless,clean,blacklist,CINS Army,harmless,clean,blacklist,Quttera,harmless,clean,blacklist,OpenPhish,harmless,clean,blacklist,VX Vault,harmless,clean,blacklist,Web Security Guard,harmless,clean,blacklist,Scantitan,harmless,clean,blacklist,AlienVault,harmless,clean,blacklist,Sophos,harmless,clean,blacklist,Phishtank,harmless,clean,blacklist,EonScope,harmless,clean,blacklist,CyberCrime,harmless,clean,blacklist,Spam404,harmless,clean,blacklist,SecureBrain,harmless,clean,blacklist,Hoplite Industries,harmless,clean,blacklist,CRDF,harmless,clean,blacklist,Fortinet,suspicious,not recommended,blacklist,alphaMountain.ai,harmless,clean,blacklist,Lionic,harmless,clean,blacklist,Virusdie External Site Scan,harmless,clean,blacklist,Google Safebrowsing,harmless,clean,blacklist,SafeToOpen,harmless,clean,blacklist,ADMINUSLabs,harmless,clean,blacklist,Cyan,harmless,clean,blacklist,Heimdal Security,harmless,clean,blacklist,AutoShun,harmless,clean,blacklist,Trustwave,harmless,clean,blacklist,AICC (MONITORAPP),harmless,clean,blacklist,CyRadar,harmless,clean,blacklist,Dr.Web,harmless,clean,blacklist,Emsisoft,harmless,clean,blacklist,Abusix,harmless,clean,blacklist,Webroot,harmless,clean,blacklist,Avira,harmless,clean,blacklist,securolytics,harmless,clean,blacklist,Antiy-AVL,harmless,clean,blacklist,Acronis,harmless,clean,blacklist,Quick Heal,harmless,clean,blacklist,ESTsecurity-Threat Inside,harmless,clean,blacklist,DNS8,harmless,clean,blacklist,benkow.cc,harmless,clean,blacklist,EmergingThreats,harmless,clean,blacklist,Yandex Safebrowsing,harmless,clean,blacklist,MalwareDomainList,harmless,clean,blacklist,Lumu,harmless,clean,blacklist,zvelo,harmless,clean,blacklist,Kaspersky,harmless,clean,blacklist,Segasec,harmless,clean,blacklist,Sucuri SiteCheck,harmless,clean,blacklist,desenmascara.me,harmless,clean,blacklist,URLhaus,harmless,clean,blacklist,PREBYTES,harmless,clean,blacklist,StopForumSpam,harmless,clean,blacklist,Blueliv,harmless,clean,blacklist,Netcraft,harmless,clean,blacklist,ZeroCERT,harmless,clean,blacklist,Phishing Database,harmless,clean,blacklist,MalwarePatrol,harmless,clean,blacklist,MalBeacon,harmless,clean,blacklist,IPsum,harmless,clean,blacklist,Spamhaus,harmless,clean,blacklist,Malwared,harmless,clean,blacklist,BitDefender,harmless,clean,blacklist,GreenSnow,harmless,clean,blacklist,G-Data,harmless,clean,blacklist,StopBadware,harmless,clean,blacklist,SCUMWARE.org,harmless,clean,blacklist,malwares.com URL checker,harmless,clean,blacklist,NotMining,harmless,clean,blacklist,Forcepoint ThreatSeeker,harmless,clean,blacklist,Certego,harmless,clean,blacklist,ESET,harmless,clean,blacklist,Threatsourcing,harmless,clean,blacklist,MalSilo,harmless,clean,blacklist,Nucleon,harmless,clean,blacklist,BADWARE.INFO,harmless,clean,blacklist,ThreatHive,harmless,clean,blacklist,FraudScore,harmless,clean,blacklist,Tencent,harmless,clean,blacklist,Bfore.Ai PreCrime,harmless,clean,blacklist,Baidu-International,1596737764,1633575023,1628,4096,00bd6e67e4d3048343fa162f2617f289339bcaf5cdf928f21517587591155cf7464a8120b7d643956f000ed4f1b93f1906a841b9553542c84be6873c9a6da925c3b5c79b8c51b3913db759b1194d99eae21b7982e7f4944be17966222421fcf3353fbf5e165a38fc90b265601d4c44e1df7c46f57a7f653fc6ab95a279435eeb6be9bd0760dc47e2dbbe0260c26ddb8e421b33a1bee4d8df6369b5aeff09a95962f96db5f6d901b1cede2c5ae2eb32cf8fb5eba83ddeb0a28d3e7ec5751df8dae4473919833955263016cd80c186befa434dcf5a6e1cd0bfb68b1837b19aa783ed3d129461beabab7b7054a615ce43eee2be3c0fa2b179a49237b51a04875dc764721ddc1fc57f310b1d6db34d3c1feb498d7b5023f486760482420d7d0155834316cf0335d16763f58336873114c886769c09733d67c8550dffc8bc2c329a4b019be09dea04996eaae16e3e4a8c01e19344438c021a763c88a1c23b48f2375f1f1d2b4a743ceea28cd710b830a6e88809cd8d4912e0a15d8d8761e4a5a39de18c0c3ab4ab6f138355d981e67964042180ffbfa1d541db9ce631ad6fbd7c3675729343110ee3b095c2814c66379f5c3956f2b435414edfadd401a7b3d28263cd5eb697537e29a31ff9941a73615327c40d9825ed6daa211c2ca8a1660dae1b81728bba149151568c161e0b4ba13fc6ae7c862284a6a813bc3ee978f4036ab3a9db,010001,RSA,2acebb09b802082c5ce4706af9b22f68efca2ee1cc57bd41eae765df669b5d54,9afe28bafbb9c781cfcb502a34fc95df1f1d6fb2463af67d5fa5b38477a85f8297d1a43fe661d9e188ca9fd730ef12a8f4f6d8cb60f285ad7289bd4e2b0467835159285daf8f0af1684060ac240b6564851a4f77f5835f4a94a2be67ecc5172896f598eef92102e6aeabe2b256ec655d147152573c06eb1637fa12edc44d433d2bcb6100e75a240646fa5d0514ffe40ba03a4efa1c57bbd17b87b9057b8828fe625c162fad36c5f171ca64199958ec4e3d327e5047520d9fc3b7b279fe5fff96a586f7cb3c3d1bf46d9019a62ea3b1d7001d37ed7263d564a803b18cae7e356fa07edb067f65a350f98e0a839a740db9f1b317e20caec230f55e3c628944b6aa,sha256RSA,2020-09-04 05:13:26,2020-06-06 05:13:26,V3,2.23.140.1.2.1,1.3.6.1.4.1.44947.1.1.1,serverAuth,clientAuth,a84a6a63047dddbae6d139b7a64565eff3a8eca1,range.com,www.range.com,f6573b8b88eb3b76e28182a401f5050822d153b3,ff,0481f100ef0076005ea773f9df56c0e7b536487dd049e0327a919a0c84a11212,True,http://cert.int-x3.letsencrypt.org/,http://ocsp.int-x3.letsencrypt.org,sha256RSA,418a93b3a11584d87d10c3ec9c012778b1a,41691fb2063fb4e970e3e964b00feccc696e5cd1,US,Let's Encrypt Authority X3,Let's Encrypt,range.com,Parked Site,0,0,domain,range.com,https://www.virustotal.com/api/v3/domains/range.com,https://www.virustotal.com/api/v3/files/af9cfaf227ca9846a756fd369ba9e1f3d1e0663162aaea354560bd5cf289ba8c/embedded_domains?limit=10
