data.signals_hooked0,data.signals_hooked1,data.signals_hooked2,data.signals_hooked3,data.signals_hooked4,data.signals_hooked5,data.files_deleted0,data.files_deleted1,data.files_deleted2,data.files_deleted3,data.files_deleted4,data.files_deleted5,data.files_deleted6,data.files_deleted7,data.files_deleted8,data.files_deleted9,data.files_deleted10,data.files_deleted11,data.files_deleted12,data.files_deleted13,data.files_deleted14,data.files_deleted15,data.files_deleted16,data.files_deleted17,data.files_deleted18,data.files_deleted19,data.files_deleted20,data.files_deleted21,data.files_deleted22,data.files_deleted23,data.files_deleted24,data.files_deleted25,data.files_deleted26,data.files_deleted27,data.files_deleted28,data.files_deleted29,data.files_deleted30,data.files_deleted31,data.files_deleted32,data.files_deleted33,data.files_deleted34,data.files_deleted35,data.files_deleted36,data.files_deleted37,data.files_deleted38,data.files_deleted39,data.files_deleted40,data.services_bound0,data.services_bound1,data.services_bound2,data.services_bound3,data.services_bound4,data.services_bound5,data.files_opened0,data.files_opened1,data.files_opened2,data.files_opened3,data.files_opened4,data.files_opened5,data.files_opened6,data.files_opened7,data.files_opened8,data.files_opened9,data.files_opened10,data.files_opened11,data.files_opened12,data.files_opened13,data.files_opened14,data.files_opened15,data.files_opened16,data.files_opened17,data.files_opened18,data.files_opened19,data.files_opened20,data.files_opened21,data.files_opened22,data.files_opened23,data.files_opened24,data.files_opened25,data.files_opened26,data.files_opened27,data.files_opened28,data.files_opened29,data.files_opened30,data.files_opened31,data.files_opened32,data.files_opened33,data.files_opened34,data.files_opened35,data.calls_highlighted0,data.calls_highlighted1,data.tags0,data.tags1,data.invokes0,data.invokes1,data.invokes2,data.invokes3,data.invokes4,data.invokes5,data.invokes6,data.invokes7,data.invokes8,data.invokes9,data.invokes10,data.invokes11,data.invokes12,data.modules_loaded0,data.modules_loaded1,data.modules_loaded2,data.modules_loaded3,data.modules_loaded4,data.activities_started0,data.activities_started1,data.activities_started2,data.activities_started3,data.ip_traffic0.transport_layer_protocol,data.ip_traffic0.destination_ip,data.ip_traffic0.destination_port,data.ip_traffic1.transport_layer_protocol,data.ip_traffic1.destination_ip,data.ip_traffic1.destination_port,data.ip_traffic2.transport_layer_protocol,data.ip_traffic2.destination_ip,data.ip_traffic2.destination_port,data.ip_traffic3.transport_layer_protocol,data.ip_traffic3.destination_ip,data.ip_traffic3.destination_port,data.processes_tree0.process_id,data.processes_tree0.name,data.processes_tree0.children0.process_id,data.processes_tree0.children0.name,data.processes_tree1.process_id,data.processes_tree1.name,data.processes_tree1.children0.process_id,data.processes_tree1.children0.name,data.permissions_checked0.owner,data.permissions_checked0.permission,data.encoding_algorithms_observed0,data.text_decoded0,data.text_decoded1,data.text_decoded2,data.shared_preferences_sets0.key,data.shared_preferences_sets0.value,data.shared_preferences_sets1.key,data.shared_preferences_sets1.value,data.shared_preferences_sets2.key,data.shared_preferences_sets2.value,data.shared_preferences_sets3.key,data.shared_preferences_sets3.value,data.shared_preferences_sets4.key,data.shared_preferences_sets4.value,data.shared_preferences_sets5.key,data.shared_preferences_sets5.value,data.shared_preferences_sets6.key,data.shared_preferences_sets6.value,data.shared_preferences_sets7.key,data.shared_preferences_sets7.value,data.shared_preferences_sets8.key,data.shared_preferences_sets8.value,data.shared_preferences_sets9.key,data.shared_preferences_sets9.value,data.shared_preferences_sets10.key,data.shared_preferences_sets10.value,data.shared_preferences_sets11.key,data.shared_preferences_sets11.value,data.shared_preferences_sets12.key,data.shared_preferences_sets12.value,data.shared_preferences_sets13.key,data.shared_preferences_sets13.value,data.shared_preferences_sets14.key,data.shared_preferences_sets14.value,data.shared_preferences_sets15.key,data.shared_preferences_sets15.value,data.shared_preferences_sets16.key,data.shared_preferences_sets16.value,data.shared_preferences_sets17.key,data.shared_preferences_sets17.value,data.shared_preferences_sets18.key,data.shared_preferences_sets18.value,data.shared_preferences_sets19.key,data.shared_preferences_sets19.value,data.shared_preferences_sets20.key,data.shared_preferences_sets20.value,data.shared_preferences_sets21.key,data.shared_preferences_sets21.value,data.shared_preferences_sets22.key,data.shared_preferences_sets22.value,data.shared_preferences_sets23.key,data.shared_preferences_sets23.value,data.shared_preferences_sets24.key,data.shared_preferences_sets24.value,data.shared_preferences_sets25.key,data.shared_preferences_sets25.value,data.shared_preferences_sets26.key,data.shared_preferences_sets26.value,data.shared_preferences_sets27.key,data.shared_preferences_sets27.value,data.shared_preferences_sets28.key,data.shared_preferences_sets28.value,data.shared_preferences_sets29.key,data.shared_preferences_sets29.value,data.shared_preferences_sets30.key,data.shared_preferences_sets30.value,data.shared_preferences_sets31.key,data.shared_preferences_sets31.value,data.shared_preferences_sets32.key,data.shared_preferences_sets32.value,data.shared_preferences_sets33.key,data.shared_preferences_sets33.value,data.shared_preferences_sets34.key,data.shared_preferences_sets34.value,data.shared_preferences_sets35.key,data.shared_preferences_sets35.value,data.shared_preferences_sets36.key,data.shared_preferences_sets36.value,data.shared_preferences_sets37.key,data.shared_preferences_sets37.value,data.shared_preferences_sets38.key,data.shared_preferences_sets38.value,data.shared_preferences_sets39.key,data.shared_preferences_sets39.value,data.shared_preferences_sets40.key,data.shared_preferences_sets40.value,data.shared_preferences_sets41.key,data.shared_preferences_sets41.value,data.shared_preferences_sets42.key,data.shared_preferences_sets42.value,data.shared_preferences_sets43.key,data.shared_preferences_sets43.value,data.shared_preferences_sets44.key,data.shared_preferences_sets44.value,data.shared_preferences_sets45.key,data.shared_preferences_sets45.value,data.shared_preferences_sets46.key,data.shared_preferences_sets46.value,data.shared_preferences_sets47.key,data.shared_preferences_sets47.value,data.shared_preferences_sets48.key,data.shared_preferences_sets48.value,data.shared_preferences_sets49.key,data.shared_preferences_sets49.value,data.shared_preferences_sets50.key,data.shared_preferences_sets50.value,data.shared_preferences_sets51.key,data.shared_preferences_sets51.value,data.shared_preferences_sets52.key,data.shared_preferences_sets52.value,data.shared_preferences_sets53.key,data.shared_preferences_sets53.value,data.shared_preferences_sets54.key,data.shared_preferences_sets54.value,data.files_copied0.source,data.files_copied0.destination,data.files_copied1.source,data.files_copied1.destination,data.files_copied2.source,data.files_copied2.destination,data.files_copied3.source,data.files_copied3.destination,data.files_copied4.source,data.files_copied4.destination,data.files_copied5.source,data.files_copied5.destination,data.files_copied6.source,data.files_copied6.destination,data.files_copied7.source,data.files_copied7.destination,data.files_copied8.source,data.files_copied8.destination,data.files_copied9.source,data.files_copied9.destination,data.files_copied10.source,data.files_copied10.destination,data.files_copied11.source,data.files_copied11.destination,data.files_copied12.source,data.files_copied12.destination,data.files_copied13.source,data.files_copied13.destination,data.files_copied14.source,data.files_copied14.destination,data.files_copied15.source,data.files_copied15.destination,data.files_copied16.source,data.files_copied16.destination,data.files_copied17.source,data.files_copied17.destination,data.files_written0,data.files_written1,data.files_written2,data.files_written3,data.files_written4,data.files_written5,data.files_written6,data.files_written7,data.files_written8,data.files_written9,data.files_written10,data.files_written11,data.files_written12,data.files_written13,data.files_written14,data.files_written15,data.files_written16,data.files_written17,data.files_written18,data.files_written19,data.files_written20,data.files_written21,data.files_written22,data.files_written23,data.files_written24,data.files_written25,data.files_written26,data.files_written27,data.files_written28,data.files_written29,data.files_written30,data.files_written31,data.files_written32,data.files_written33,data.files_written34,data.files_written35,data.files_written36,data.files_written37,data.files_written38,data.files_written39,data.files_written40,data.files_written41,data.files_written42,data.files_written43,data.files_written44,data.files_written45,data.files_written46,data.files_written47,data.files_written48,data.files_written49,data.files_written50,data.files_written51,data.files_written52,data.files_written53,data.files_written54,data.files_written55,data.files_written56,data.files_written57,data.files_written58,data.files_written59,data.files_written60,data.files_written61,data.files_written62,data.files_written63,data.files_written64,data.files_written65,data.system_property_lookups0,data.system_property_lookups1,data.dns_lookups0.resolved_ips0,data.dns_lookups0.hostname,data.dns_lookups1.resolved_ips0,data.dns_lookups1.hostname,data.dns_lookups2.resolved_ips0,data.dns_lookups2.hostname,data.dns_lookups3.resolved_ips0,data.dns_lookups3.hostname,data.dns_lookups4.resolved_ips0,data.dns_lookups4.hostname,data.dns_lookups5.resolved_ips0,data.dns_lookups5.hostname,data.dns_lookups6.resolved_ips0,data.dns_lookups6.hostname,data.dns_lookups7.resolved_ips0,data.dns_lookups7.hostname,data.files_dropped0.sha256,data.files_dropped1.sha256,data.files_dropped2.sha256,data.files_dropped3.sha256,data.command_executions0,data.services_started0,data.services_started1,data.services_started2,data.services_started3,data.services_started4,data.services_started5,data.services_started6,data.services_opened0,data.services_opened1,data.services_opened2,data.services_opened3,data.services_opened4,data.services_opened5,data.services_opened6,data.services_opened7,data.http_conversations0.url,data.http_conversations0.request_method,data.http_conversations0.response_status_code
android.intent.action.TIMEZONE_CHANGED,android.intent.action.AIRPLANE_MODE,android.net.conn.CONNECTIVITY_CHANGE,android.intent.action.BATTERY_CHANGED,android.intent.action.ACTION_POWER_CONNECTED,android.intent.action.ACTION_POWER_DISCONNECTED,/data/data/com.truecaller/code_cache/secondary-dexes/tmp-com.truecaller-1.apk.classes-1573713886.zip,/data/data/com.truecaller/code_cache/secondary-dexes/tmp-com.truecaller-1.apk.classes1569208693.zip,/data/data/com.truecaller/shared_prefs/multidex.version.xml.bak,/data/data/com.truecaller/shared_prefs/com.google.android.gms.measurement.prefs.xml.bak,/data/data/com.truecaller/files/AppEventsLogger.persistedevents,/data/data/com.truecaller/shared_prefs/com.crashlytics.sdk.android:answers:settings.xml.bak,/data/data/com.truecaller/shared_prefs/tc.settings.xml.bak,/data/data/com.truecaller/shared_prefs/com.google.android.gms.appid.xml.bak,/data/data/com.truecaller/shared_prefs/com.truecaller_preferences.xml.bak,/data/data/com.truecaller/shared_prefs/gcm-scheduler-engine-initial.xml.bak,/data/data/com.truecaller/shared_prefs/com.facebook.sdk.appEventPreferences.xml.bak,/data/data/com.truecaller/shared_prefs/com.facebook.sdk.attributionTracking.xml.bak,/data/data/com.truecaller/shared_prefs/TwitterAdvertisingInfoPreferences.xml.bak,/data/data/com.truecaller/shared_prefs/com.crashlytics.prefs.xml.bak,/data/data/com.truecaller/files/.Fabric/com.crashlytics.sdk.android:answers/session_analytics.tap,/data/data/com.truecaller/cache/disklru/journal.bkp,/data/data/com.truecaller/files/.Fabric/com.crashlytics.sdk.android.crashlytics-core/initialization_marker,/data/data/com.truecaller/files/.Fabric/com.crashlytics.sdk.android.crashlytics-core/log-files/crashlytics-userlog-56849AFB0243-0001-3CAA-9CCC36733B72.temp,/data/data/com.truecaller/files/.Fabric/com.crashlytics.sdk.android.crashlytics-core/log-files/crashlytics-userlog-56849AFD00DD-0001-3CAD-EF6F5D39AFE1.temp,/data/data/com.truecaller/code_cache/secondary-dexes/tmp-com.truecaller-1.apk.classes1748197113.zip,/data/data/com.truecaller/code_cache/secondary-dexes/tmp-com.truecaller-1.apk.classes705844626.zip,/data/data/com.truecaller/shared_prefs/multidex.version.xml.bak,/data/data/com.truecaller/shared_prefs/com.google.android.gms.measurement.prefs.xml.bak,/data/data/com.truecaller/files/AppEventsLogger.persistedevents,/data/data/com.truecaller/shared_prefs/com.google.android.gms.appid.xml.bak,/data/data/com.truecaller/code_cache/secondary-dexes/tmp-com.truecaller-1.apk.classes1043513851.zip,/data/data/com.truecaller/code_cache/secondary-dexes/tmp-com.truecaller-1.apk.classes-1358075736.zip,/data/data/com.truecaller/code_cache/secondary-dexes/tmp-com.truecaller-1.apk.classes-9718566.zip,/data/data/com.truecaller/code_cache/secondary-dexes/tmp-com.truecaller-1.apk.classes-336909264.zip,/data/data/com.truecaller/code_cache/secondary-dexes/tmp-com.truecaller-1.apk.classes200446278.zip,/data/data/com.truecaller/code_cache/secondary-dexes/tmp-com.truecaller-1.apk.classes1158926755.zip,/data/data/com.truecaller/code_cache/secondary-dexes/tmp-com.truecaller-1.apk.classes349206185.zip,/data/data/com.truecaller/code_cache/secondary-dexes/tmp-com.truecaller-1.apk.classes1265145320.zip,/data/data/com.truecaller/code_cache/secondary-dexes/tmp-com.truecaller-1.apk.classes973863240.zip,/data/data/com.truecaller/code_cache/secondary-dexes/tmp-com.truecaller-1.apk.classes-1395577478.zip,/data/data/com.truecaller/code_cache/secondary-dexes/tmp-com.truecaller-1.apk.classes554949328.zip,/data/data/com.truecaller/code_cache/secondary-dexes/tmp-com.truecaller-1.apk.classes-889815587.zip,/data/data/com.truecaller/code_cache/secondary-dexes/tmp-com.truecaller-1.apk.classes77493471.zip,/data/data/com.truecaller/code_cache/secondary-dexes/tmp-com.truecaller-1.apk.classes-1341913348.zip,/data/data/com.truecaller/code_cache/secondary-dexes/tmp-com.truecaller-1.apk.classes2010398187.zip,/data/data/com.truecaller/code_cache/secondary-dexes/tmp-com.truecaller-1.apk.classes-305569047.zip,"
com.google.android.gms.ads.identifier.service.START
","
com.google.android.gms.clearcut.service.START
","
com.google.android.gms.config.START
","com.truecaller/com.truecaller.presence.PresenceService
com.truecaller.androidactors.ActorService
","com.truecaller/com.truecaller.analytics.EventsTrackerService
com.truecaller.androidactors.ActorService
","
com.google.android.gms.measurement.START
",/data/app/com.truecaller-1.apk,/data/data/com.truecaller/code_cache/secondary-dexes/MultiDex.lock,/data/data/com.truecaller/code_cache/secondary-dexes/tmp-com.truecaller-1.apk.classes1748197113.zip,/data/data/com.truecaller/code_cache/secondary-dexes/com.truecaller-1.apk.classes2.zip,/data/data/com.truecaller/code_cache/secondary-dexes/tmp-com.truecaller-1.apk.classes705844626.zip,/data/data/com.truecaller/code_cache/secondary-dexes/com.truecaller-1.apk.classes3.zip,/data/data/com.truecaller/shared_prefs/multidex.version.xml,/data/data/com.truecaller/code_cache/secondary-dexes/com.truecaller-1.apk.classes2.dex,/data/data/com.truecaller/code_cache/secondary-dexes/com.truecaller-1.apk.classes3.dex,/data/misc/keychain/pins,/data/data/com.truecaller/shared_prefs/com.google.android.gms.measurement.prefs.xml,/data/data/com.truecaller/no_backup/com.google.InstanceId.properties,/system/etc/security/cacerts/81b9768f.0,/data/data/com.truecaller/shared_prefs/com.google.android.gms.appid.xml,/proc/net/if_inet6,/sys/class/net/lo/ifindex,/sys/class/net/sit0/ifindex,/sys/class/net/eth0/ifindex,/sys/class/net/ip6tnl0/ifindex,/sys/class/net/eth0/mtu,/data/data/com.truecaller/code_cache/secondary-dexes/tmp-com.truecaller-1.apk.classes1043513851.zip,/data/data/com.truecaller/code_cache/secondary-dexes/tmp-com.truecaller-1.apk.classes-1358075736.zip,/data/data/com.truecaller/code_cache/secondary-dexes/tmp-com.truecaller-1.apk.classes-9718566.zip,/data/data/com.truecaller/code_cache/secondary-dexes/tmp-com.truecaller-1.apk.classes-336909264.zip,/data/data/com.truecaller/code_cache/secondary-dexes/tmp-com.truecaller-1.apk.classes200446278.zip,/data/data/com.truecaller/code_cache/secondary-dexes/tmp-com.truecaller-1.apk.classes1158926755.zip,/data/data/com.truecaller/code_cache/secondary-dexes/tmp-com.truecaller-1.apk.classes349206185.zip,/data/data/com.truecaller/code_cache/secondary-dexes/tmp-com.truecaller-1.apk.classes1265145320.zip,/data/data/com.truecaller/code_cache/secondary-dexes/tmp-com.truecaller-1.apk.classes973863240.zip,/data/data/com.truecaller/code_cache/secondary-dexes/tmp-com.truecaller-1.apk.classes-1395577478.zip,/data/data/com.truecaller/code_cache/secondary-dexes/tmp-com.truecaller-1.apk.classes554949328.zip,/data/data/com.truecaller/code_cache/secondary-dexes/tmp-com.truecaller-1.apk.classes-889815587.zip,/data/data/com.truecaller/code_cache/secondary-dexes/tmp-com.truecaller-1.apk.classes77493471.zip,/data/data/com.truecaller/code_cache/secondary-dexes/tmp-com.truecaller-1.apk.classes-1341913348.zip,/data/data/com.truecaller/code_cache/secondary-dexes/tmp-com.truecaller-1.apk.classes2010398187.zip,/data/data/com.truecaller/code_cache/secondary-dexes/tmp-com.truecaller-1.apk.classes-305569047.zip,android.util.Base64.decode,android.util.Base64.encode,REFLECTION,RUNTIME_MODULES,dalvik.system.DexPathList.makeDexElements,android.content.pm.IPackageManager$Stub$Proxy.getServiceInfo,android.content.pm.IPackageManager$Stub$Proxy.getApplicationInfo,android.content.pm.IPackageManager$Stub$Proxy.checkPermission,android.content.pm.IPackageManager$Stub$Proxy.queryIntentServices,com.google.firebase.iid.FirebaseInstanceId.getInstance,android.net.NetworkInfo$State.values,com.google.android.gms.measurement.AppMeasurement.getInstance,android.content.pm.IPackageManager$Stub$Proxy.getProviderInfo,android.content.pm.IPackageManager$Stub$Proxy.getActivityInfo,android.content.pm.IPackageManager$Stub$Proxy.resolveContentProvider,com.google.android.gms.common.GooglePlayServicesUtil.isGooglePlayServicesAvailable,android.content.pm.IPackageManager$Stub$Proxy.getInstallerPackageName,/data/data/com.truecaller/code_cache/secondary-dexes/com.truecaller-1.apk.classes2.zip,/data/data/com.truecaller/code_cache/secondary-dexes/com.truecaller-1.apk.classes3.zip,/system/framework/com.android.media.remotedisplay.jar,/system/framework/com.android.location.provider.jar,/system/priv-app/GmsCore.apk,"com.truecaller/com.truecaller.ui.WizardActivity

",com.truecaller.ui.TruecallerInit (com.truecaller),com.koushikdutta.superuser.RequestActivity (com.thirdparty.superuser),com.koushikdutta.superuser.MultitaskSuRequestActivity (com.thirdparty.superuser),TCP,185.60.216.15,443,TCP,179.60.195.7,443,TCP,179.60.192.3,443,TCP,157.240.21.16,443,8145,zygote,15530,com.truecaller,8145,zygote,15533,com.truecaller,com.google.android.gms,com.google.android.c2dm.permission.SEND,base64,"0ï¿½""0	*ï¿½Hï¿½ï¿½ ï¿½ 0ï¿½
ï¿½ ï¿½ï¿½eIï¿½` _Oï¿½xï¿½&J#ï¿½ï¿½Î¬ï¿½5ï¿½2ï¿½oï¿½ã–‘ï¿½zï¿½mï¿½ï¿½uï¿½+åˆ¸aï¿½Rï¿½?Uï¿½ï¿½ï¿½Lï¿½ï¿½ï¿½ï¿½^ï¿½ï¿½	ï¿½p)ï¿½ï¿½Yï¿½F9ï¿½ï¿½ï¿½k|ï¿½Ì›ï¿½tï¿½ï¿½b%ï¿½ï¿½kï¿½Nï¿½-ß®ï¿½dï¿½SÑ–tï¿½ï¿½Ä‹ï¿½""Aï¿½]ï¿½;.Xï¿½ï¿½Í“Bï¿½Bï¿½ï¿½.!ï¿½okï¿½ï¿½+ï¿½h0oï¿½~ï¿½1Wjï¿½ï¿½o<Bgï¿½ï¿½Nv^p\hï¿½ï¿½hï¿½ï¿½ï¿½cï¿½Iaï¿½fï¿½ï¿½ï¿½%kï¿½Sï¿½ï¿½ï¿½	ï¿½Oï¿½ï¿½Eï¿½ï¿½ï¿½ï¿½Fï¿½aï¿½ï¿½ï¿½ï¿½ï¿½ï¿½Bï¿½ì¿³ï¿½é‰•hï¿½ï¿½`b@ï¿½ï¿½ï¿½ï¿½Zï¿½ï¿½O+ï¿½ï¿½ï¿½ï¿½Cï¿½+ï¿½ï¿½A ",z4ï¿½ßžï¿½Reï¿½+[ï¿½ï¿½8ï¿½ï¿½_ï¿½,"
0x00000",timestamp,1528355750000,crc,924146070,dex.number,3,dex.crc.2,3937930654,dex.time.2,1528355755000,dex.crc.3,2080821794,dex.time.3,1528355756000,has_been_opened,true,|S||P|,MIIBIjANBgkqhkiG9w0BAQEFAAOCAQ8AMIIBCgKCAQEAyYOPElixkUiVVHSf_eVm7jCia8CmRJoRUXnaIAQR097H5gJd90GV-Jq-5ZryX3FHMzZ-EeDYnL4R6ZapKO0oYA4lTpJ-Z7TvVUCMKysNyFq41ZqIdChNys2OAbZ_MChKATd3hvP32uH_I_L4dwmACt59bBmlJs7BXeOrePK10_rhvuFcRF22xeauQp2aCmAlHi1IJe8mFZGjkChFPIJvT15XPjzpyVf7uSLrFgBl-rVoVo-irZUbenTWip55vgp-E0axOh8qvnKOiN-dAkkk7qDpGVFInLcPrXHXJ79fht6vhSGFFem3YHAXtUX_Y1YiwncLZiTy_iTCi6xDC3Dj8QIDAQAB,|S||K|,MIIEvgIBADANBgkqhkiG9w0BAQEFAASCBKgwggSkAgEAAoIBAQDJg48SWLGRSJVUdJ_95WbuMKJrwKZEmhFRedogBBHT3sfmAl33QZX4mr7lmvJfcUczNn4R4NicvhHplqko7ShgDiVOkn5ntO9VQIwrKw3IWrjVmoh0KE3KzY4Btn8wKEoBN3eG8_fa4f8j8vh3CYAK3n1sGaUmzsFd46t48rXT-uG-4VxEXbbF5q5CnZoKYCUeLUgl7yYVkaOQKEU8gm9PXlc-POnJV_u5IusWAGX6tWhWj6KtlRt6dNaKnnm-Cn4TRrE6Hyq-co6I350CSSTuoOkZUUictw-tcdcnv1-G3q-FIYUV6bdgcBe1Rf9jViLCdwtmJPL-JMKLrEMLcOPxAgMBAAECggEBALiHVUNanrfIfJ5K8ZtBL4FcXc9IKblWUBeI-roon96g-fJhJoTdtSRjJ_3_ZoUJqUZ3VviuKg1Wa_a4NQ06JqfXLEiIE2KKKEOsCO8azNM0aF-J0_xyT9IvayOcZ1nE-wekMDsPO19fZhEYVHhE5dCOLtIHpdkkqaN9cS8fKmwCh_Okpy_0hx_cJY49AOSY40aD-8JUQycotHtI1q3yd57ue9Nx6QcdopERNQkS-vN9lAN6BJjdz97T4AQLh-h7m6OATVmBIN6AhQlTp2RMYHRdvvkdaUHnjN-zLF3bDIhTaT4Oy47JTduDE0VMMP3Taybltnnjfp3zRSIOJYUU59UCgYEA6ss5ZWIQ1ySMgtvb9bFWQlnh2d3Cu8Q5I01JyJkVLFHYIIB2WWh9LjKhMHHMceSeNG7pHvK1oxSLBv9c-LzXM1lFEleaT32hwMUCla6zFdM-95jk-FSU1OeJFAcW1RzAiCpmCa9VnbKyV-s5PIdrpky6Nvpfif7PZ-xaWfIbGNcCgYEA27bamXdFDvG552DTHBFMXRovLF_3vE_jLo0LcqyttvG96aSAkuzEqjx3nDvnzSNXj-dnJHNqbZCM7do3ebFyImF3gmP4K7GhTFSQHlT02ngDKDki-slSkeZZmW8f-tURl8wh99e8iFQcFkV1xzs6W6eudyXgh5KE4e4ogTonaHcCgYAYZcmvCUOqt3eKWYI_w4-tEV3wn6SOklNFodBa8d1LX63PosmpfLwVQtmRCSIva4ws8qFyv9G0Anx3260zg5vxEAOnZkb4n5thRpeAKkkdqXfPjqmsTE2y2eRammn69yPiglVcCEYjPuBdVmn6KjA7dZmcAORQmJPAvsScuBWsvQKBgGxX7dGxc7db0b1cDJ4RlaNvbwWlySbuCewBlzyUFBFbgbe9670Hzi7YJG9BRxvsKpiGlmDuHPQsTKJZcfOrYcm8YE9G9rCtJgnaxTp_0EIO3heunSYnsnTJrzMvDgkFmmhNPA7YLlrXhwYgeGSnOy7JMAoG_oI76RTz-LtIrvgfAoGBAIjy0TO6yIdreY3nv23SL6GmxonPr4I_QZHr1TTQU3NRecKGC7I3CAmKzt9h0E0v2SaRviqTr1qNyG6tmUgFvoFihzZvjSnamkkUQvYrcaa0TP1pN4G0udfj8O3bHejrrTJZTtNlBeZMJjtGvQ3qA9MxLVa0b2ftMKyOj9EM-jSg,|S|cre,1528355760472,timestamp,1528451094000,dex.time.2,1528451098000,dex.time.3,1528451099000,timestamp,1528355706000,dex.time.2,1528355711000,dex.time.3,1528355712000,|S||P|,MIIBIjANBgkqhkiG9w0BAQEFAAOCAQ8AMIIBCgKCAQEAmfqToLpb9vMm0LTe69NWNSrn9mK7sj6EfyF7FyaH2T8J3rSBbnEZbcnCxMyCX5-pzUMQrZEBFSTUuBy0WhQ5hM2OhdV3Z5qeSjTRbDR2weLBg3M4QHznspxphSlPLg14A3T0Iu2qAvpSQwxKuZiH7q7_IZ_EMWvSR8C5eAThU7XxPSHkeGX4dw6-6YZ7VwFgDX66uvdR_Wfn3O6mvkYeu0whk_gfUnNHWDO8JFzUGpsukyLUMnyJLJ4YR54fDIyuXPVUS5W8aEa_4Tojl_5VomJdlwb_mmbxN69FFYPDapXn-CH6ONQMZ5_S5u8DCqRcoaMVP0rdqtlCOsKp7PrX8QIDAQAB,|S|cre,1528355715138,|S||K|,MIIEvAIBADANBgkqhkiG9w0BAQEFAASCBKYwggSiAgEAAoIBAQCZ-pOgulv28ybQtN7r01Y1Kuf2YruyPoR_IXsXJofZPwnetIFucRltycLEzIJfn6nNQxCtkQEVJNS4HLRaFDmEzY6F1Xdnmp5KNNFsNHbB4sGDczhAfOeynGmFKU8uDXgDdPQi7aoC-lJDDEq5mIfurv8hn8Qxa9JHwLl4BOFTtfE9IeR4Zfh3Dr7phntXAWANfrq691H9Z-fc7qa-Rh67TCGT-B9Sc0dYM7wkXNQamy6TItQyfIksnhhHnh8MjK5c9VRLlbxoRr_hOiOX_lWiYl2XBv-aZvE3r0UVg8Nqlef4Ifo41Axnn9Lm7wMKpFyhoxU_St2q2UI6wqns-tfxAgMBAAECggEASZHZEXWZVS-uPw_8Zu7uBK9Ab4-TIMIQKnIDzvbg96LQA3F5Whx9yuAYyFDyhd_SkLlXcaaTvtd_L4y_ez6okNRqIXXx_DV7JfeAjFOw3kiKr1TQ7rb_OW7UWAR5yYYz7mrl7v5hOdUCkvh_h5fict94FUexxO9AZHon47lpM8ZAAMjZ7QgqzIvXVUv9WZsbr8Maf9h23971sjVUAnXXZlMouqOctW3Jkp5tfsRn-JU0MF4x_NH9x7-Rsr3ahrIiCsWSvJNouLtOX3_RoVtFsJ0YbInRnMgY8EbcS-ePEqvyL2XDVnS4w3wciNsev5yu5INWIfwdPO7Z50PIvT3qQQKBgQDKHvmlXu7rN41hkyxuN3yrHyn68SEJV1d9VwCbWcMFqT2V9hHP4jFzyfmjZgKgEFhggEvHd1o0C_Sg698aeGaGfOsPFAxqzgRsnPjTHsil4fTQHmpxSWh7KdX39-YggzdFCvwPCbHkNw7nUsfCzn_gB9kL1z1Q16KQbQHFh_dXWQKBgQDDBk93gNoVS40B7Puo3KOPC_PiLNF-xqtg3-rnQBl83At2d-e8-UhupE8bV385Yw_flLR7EVISmOvGM1aW_VRym7yfklDwHdXs2n68Z71LINoMs5iOjoZ6wphG0oyhpqsgtDKohv7HnFIIsz9lfjJ6pSrrZlFU3P2nwUvqtLQKWQKBgF6QW3CZl-KI3SbXuqPeZf-R1wxHIJPEP3Su7ePA_VN6uQueUvsV8tkfmCJwqa3Ft_N-UvYByzwqk8tuT7WMuzsU2sz1LlISDVPbpTbxYiLqMqXkdRyHodBt5GPdodd4TLWKzB8lBAuoDtr_ieKExqNESLIXg-J84Nv9hCSs1nYRAoGAIUgCZ7JlhRzPg3SdvcNpZg_0HrTnS2s789xCihQ2RUiH7D-qHGWuJrODjHbyDykInG8UHaxnBSVzlu9L55hzwNsy5Uhi55cv2quu1RgfBaMlkuVTM4C_ElQDCJMFzNBUg9A8lOX0tLvIhBOSzg8rLiLhoCpl1sWfw_EIs5UC5IECgYBgJWZioeyc11zTubnR1EntODtxLB7C3adtcLAyUYh08w0ADQeQ6lzyVF59EMvWr0a0wEbYORB_JBI67Z3tPdRRRY6-GOBy1glf1qc13_FOHMNPxvFoTUwjYCTz6Qn5Hu8uyaQrrbLJuPBwFt-prChPZPJU-KpWCGtD5-Zxdi0UPw,timestamp,1527503740000,dex.time.2,1527503757000,dex.time.3,1527503758000,|S||P|,MIIBIjANBgkqhkiG9w0BAQEFAAOCAQ8AMIIBCgKCAQEAn94JbMZR2QRRQWjr0L_wpOVjEAZ-LsV3WNsQDjz2L48RrDPszooXp219M_Nqv7QAmzRh4dPwpguqVj4zuqMXBWLOlAPNBH9fRz2ZA7aQ42VyBjdrqlA1k_4HZh5EWBgefgb_Z2Oa6G5k-q1qcRoCrUwDw0PwwqoinkkFUVo2trOZBg-owbnAGZtz3BOM5zw-_TmCH9HcBH_ScAu5bIRpCGyio45KqEdIAyLBDv4ZcbPcJVN37dTLvRMHPebOe5JtHsk2AY-he8RRh_nnafNu3We1aeWrEJH5pu6-u7isdkZGZu1di-nyAFh00-Me2i9y4g5DvwMeG2u4yUfTjyQI9QIDAQAB,|S||K|,MIIEvQIBADANBgkqhkiG9w0BAQEFAASCBKcwggSjAgEAAoIBAQCf3glsxlHZBFFBaOvQv_Ck5WMQBn4uxXdY2xAOPPYvjxGsM-zOihenbX0z82q_tACbNGHh0_CmC6pWPjO6oxcFYs6UA80Ef19HPZkDtpDjZXIGN2uqUDWT_gdmHkRYGB5-Bv9nY5robmT6rWpxGgKtTAPDQ_DCqiKeSQVRWja2s5kGD6jBucAZm3PcE4znPD79OYIf0dwEf9JwC7lshGkIbKKjjkqoR0gDIsEO_hlxs9wlU3ft1Mu9Ewc95s57km0eyTYBj6F7xFGH-edp827dZ7Vp5asQkfmm7r67uKx2RkZm7V2L6fIAWHTT4x7aL3LiDkO_Ax4ba7jJR9OPJAj1AgMBAAECggEAJHr7dZnv1XDZxe5WWYVjOY2qxF5m7u9ao6khic45c3LXWo9iy2LRsQAYIQG761D9Dm2upGTDtnBVB2ccUMukljMM5tPTNeKG8G_K-gDwISPmGCsPY4b4IvRF5fSkLeIbGzEnmQUutTlzy4xFDNgdokQFW8qmJxXB3pLVJtJKR_hpVOxcDaqyg7_yYgPOb9xM5Bgb3GaFuFC9sVud1YYr7pifH2c7EviKmMHHe-53101aA3JkZ9H-HnoTrLVjrCVfK70Y0dTQQ2tJTB-f094FWXOLTPjg4iXizda1QaTjEWJxS9UXa-GsRWd80azHmEf4Pf4EyPox2v6E1s6oHgMbIQKBgQDULmM-8LgZA1SPgRBjKkaG95dWx17BEGEN_jdHB7Jeffu-DgwN2CeLFKKRMMvIOYxocVaATW5u9JeyxXdZqLzRKtLIqlD0Hl4SMCyhIlKLlVH5NgxJ30GQLWqUWeVfBaGnW1z7myk3GxLJj8Rw-6CZ0DYks5RFfhKd_NPE-8YDSQKBgQDA4epUYlweSg0QqFksYUe8S3U32Z2bdhtGb-yqYmyBooQ9t5Ws6lr5SOCgM4w9-42SmsQweMyO3MfGxWn9OlioyiOBpN09ZFKikbJDXH94QGr4VE1FaN20eTMKqAqDVwr5so-Oe2PcuC_6BfifBumiCTH14Do6bHygnyruF2CsTQKBgQCgYhf-wXJG5e-LMaGzc4cwCgLJQ5ZqFPln3FroQ_cd2djqRi_yXws04_omCV5gELADWnhqLx1knVn1dbHLgfKHoPkHWUYr4LB2yxdRDWKbw9jcqXAMfsdONiYz0OfCNb2FhVf5j8VNtBc1aIiyZmF1Ip9qiptvE-b6qNtiMHXykQKBgFOfXlV5U1C6cBGhuw93mX80A7zT9vWYbdjK24M_KqXFTKnpNtYBwLFE_EXYM1wH_Gfr-1S8eosRgvdVTU9BBYEgKeaiEFz2arEak3uK1aTP4NCK0_lcron45b0f_3bTvOlmlcCDFFdz7zDpd9GSUKY0cFmV_gioUhvdBeK1de8dAoGAML97nrZAGead1ugXv5wcbs5J11sZOGDLBSoGoAOhF9PV4zqTGs88--RCXwkG2G9Vmd8plJ_bIMHUrSqP1Ldx4He1p7adjt7TeKVR5gXt203_Fqmp4U1mlTlsgJeiQuUykNTtdj2LmKT7yLEXetEMDQzb-ba2PEwVjTwfmDfnI24,|S|cre,1527503763399,analytics_launched,true,timestamp,1527503669000,dex.time.2,1527503674000,dex.time.3,1527503675000,timestamp,1528451056000,dex.time.2,1528451066000,dex.time.3,1528451067000,timestamp,1527503828000,dex.time.2,1527503834000,dex.time.3,1527503835000,|S||P|,MIIBIjANBgkqhkiG9w0BAQEFAAOCAQ8AMIIBCgKCAQEA8akR8ELrE69N6KiK6GT0El3r4gUPEfGibmp-eX44AmLkIiX1lLF9BgvEi9vekXSz6S3rzyAP3NwkWnz-VdavtK3_ZTTpyVbef9HnwAfhIqWoKHURBZBsvBU0e9k3pEAa4MRZjf7ldxypIXpAuM_OABWMpaTsujThM_sGV6hyrcVfxjCyBRsNP3YBTlut7tEo62AGLBi59yMVm-i5QzVDBZX9Jc8v6H372oF29H_qZ-u32bckJDGFKHwULcnHdnYexeHZajX7dFBJJgyZ26nwEhAZybI33YIRUi7UdP_Xq1miuwkR_uHp2EyNZ71OfGXbAbiLi30qucRSdk3P2Dcs5wIDAQAB,timestamp,1528355695000,dex.time.2,1528355701000,dex.time.3,1528355702000,timestamp,1548940519000,dex.time.2,1548940524000,dex.time.3,1548940525000,timestamp,1560762134000,dex.time.2,1560762141000,dex.time.3,1560762142000,timestamp,1562012939000,dex.time.2,1562012947000,dex.time.3,1562012948000,|S||P|,MIIBIjANBgkqhkiG9w0BAQEFAAOCAQ8AMIIBCgKCAQEAz6kpVxErC6OFRY7FS1ONeh23buqYiJL06cXgVCHHCnA9wiOh1ZvcYfT2nKW4fssAOQlho3BACf-v7tsihBDqvNiJexkO_d6Oqg4Pfd0bnvjy8wn_Jj9TNHCmYqLUu5lNN7Qw3DioCP-aisEyKKREbDqOW9OAtgwxsQDg2YjEAcupV7APHKVRemziOOTPBTFaW1yPdyVtRMK-jTQQkbzXMeoCrq4Ff-19fI3_gMPwN3E3ektcxpwSHVzRbJWKFcpMngpO3_bnutZKiQ5YnbL5DtU_WJJ3QExfjq8Kx33yotPiTSOnFgRtUUxeb8_Oezwm0xOk_yJ6ZcAtD4j_d9Z_0QIDAQAB,|S||K|,MIIEvQIBADANBgkqhkiG9w0BAQEFAASCBKcwggSjAgEAAoIBAQDPqSlXESsLo4VFjsVLU416Hbdu6piIkvTpxeBUIccKcD3CI6HVm9xh9Pacpbh-ywA5CWGjcEAJ_6_u2yKEEOq82Il7GQ793o6qDg993Rue-PLzCf8mP1M0cKZiotS7mU03tDDcOKgI_5qKwTIopERsOo5b04C2DDGxAODZiMQBy6lXsA8cpVF6bOI45M8FMVpbXI93JW1Ewr6NNBCRvNcx6gKurgV_7X18jf-Aw_A3cTd6S1zGnBIdXNFslYoVykyeCk7f9ue61kqJDlidsvkO1T9YkndATF-OrwrHffKi0-JNI6cWBG1RTF5vz857PCbTE6T_InplwC0PiP931n_RAgMBAAECggEAHlLTaJVnNcHhGjEo-kDvLd_dA2NadscO4Hw2r9Jm4E1Xl1vgq_KgkeVVhbZlZI58L9gA2_7uOweNR1HUjnhx7rWoDcOw_r1bE9YNyRFakTJFN9xD1-_zVHsGsOyaJ_LQ5ct4PxA-6WF5zb08d9bU7wD1_M67wtmw_-ni66EfDivN6tqcxIHTinv747PJZGQr7iFY2GAheSZHDUIEbFnIxIvuqCUulCEy7Rmf8XIGraOmS4PT5JBCEF68YwsPmlhjQo5EX63yy_o59wfVXaA_u3E2YXhbVVbWOzP_Naoh6IfMMcZrnWNa1UUbur_rmax3acPaIrFx4Be3f2m_1QqR4QKBgQDrKNBJY2OsXd2WV0315ZrwMFcYBzXcP-QrDCzUIP8tX8xPfL9rCzIa6le9Z4BQkgrY4PmmjO--kgPOulSC9OzrVB_5wzbKecPH4rV5HUPCAssNNIoxEPBGQdIa185J0JP_GbTHeMxE0VTzZtob5BvNQJezonYRzIeZ5Sw7qk0_FQKBgQDiEHi9j8cS8JhT99qoU36m4hDjus94X-FoBUDB98VItV4VGVN8aDgDVQvN66EIP6IT7zzcyegR1DGq2rcWEicB3z96_fqhkB5jlfs8jbZ-sUcVjZ9kQqs80tJ-XRzCKa1iOPsPqai3poq7V9QyafhbHhYv_xy-lhNLw_uFZm4MzQKBgHYZJCmHGZqJ9Wu4YrW4Xsx7anHtxRXcnGkmDyllfOG7t66_tp46nCo6QGAlp6JPBdWPfrEvHIP3bqQWnbS67nTs5bYYXN7osfMjnwG5ObsojfMOzMwBdrnB-pNyh-44Kus1bL20o9l3y5MFt0nEkFXPN6CGWYds0Tjvh_xa9bpVAoGBAOENvOYaqPk2BLAzY7-Hv-Kr1FyiscEI0wIXmKyB2inURWGD4RVNO9Y1aJcMKThpARYPaev0JdD6CqgpLXQPhj3a3vu2tTj6nQZPXdqeyju-iSHv5-qMZKUczOl4ERVLII1UZLznDkwmxJ5Vha7ayKENhtEpjJhAF92pslDP9GdRAoGAHIJMkJMZ4-Q6_idAsVHdtlueEMaG4NjHs1UTYG1XTFyB3CcTXd6pi5oNGtXngq6hhD_Br-RRZOxXp-98IOUAXlePsHRYQRW18JNbkKCpNirte2OrzxBjdebbx6GPV5Z_4jTzUjp4apjcohqxgTsbDHDdIbr4iq4TQPKLaXkdUg8,|S|cre,1562012952777,timestamp,1562721003000,dex.time.2,1562721015000,dex.time.3,1562721017000,/data/data/com.truecaller/code_cache/secondary-dexes/tmp-com.truecaller-1.apk.classes1748197113.zip,/data/data/com.truecaller/code_cache/secondary-dexes/com.truecaller-1.apk.classes2.zip,/data/data/com.truecaller/code_cache/secondary-dexes/tmp-com.truecaller-1.apk.classes705844626.zip,/data/data/com.truecaller/code_cache/secondary-dexes/com.truecaller-1.apk.classes3.zip,/data/data/com.truecaller/code_cache/secondary-dexes/tmp-com.truecaller-1.apk.classes1043513851.zip,/data/data/com.truecaller/code_cache/secondary-dexes/com.truecaller-1.apk.classes2.zip,/data/data/com.truecaller/code_cache/secondary-dexes/tmp-com.truecaller-1.apk.classes-1358075736.zip,/data/data/com.truecaller/code_cache/secondary-dexes/com.truecaller-1.apk.classes3.zip,/data/data/com.truecaller/code_cache/secondary-dexes/tmp-com.truecaller-1.apk.classes-9718566.zip,/data/data/com.truecaller/code_cache/secondary-dexes/com.truecaller-1.apk.classes2.zip,/data/data/com.truecaller/code_cache/secondary-dexes/tmp-com.truecaller-1.apk.classes-336909264.zip,/data/data/com.truecaller/code_cache/secondary-dexes/com.truecaller-1.apk.classes3.zip,/data/data/com.truecaller/code_cache/secondary-dexes/tmp-com.truecaller-1.apk.classes200446278.zip,/data/data/com.truecaller/code_cache/secondary-dexes/com.truecaller-1.apk.classes2.zip,/data/data/com.truecaller/code_cache/secondary-dexes/tmp-com.truecaller-1.apk.classes1158926755.zip,/data/data/com.truecaller/code_cache/secondary-dexes/com.truecaller-1.apk.classes3.zip,/data/data/com.truecaller/code_cache/secondary-dexes/tmp-com.truecaller-1.apk.classes349206185.zip,/data/data/com.truecaller/code_cache/secondary-dexes/com.truecaller-1.apk.classes2.zip,/data/data/com.truecaller/code_cache/secondary-dexes/tmp-com.truecaller-1.apk.classes1265145320.zip,/data/data/com.truecaller/code_cache/secondary-dexes/com.truecaller-1.apk.classes3.zip,/data/data/com.truecaller/code_cache/secondary-dexes/tmp-com.truecaller-1.apk.classes973863240.zip,/data/data/com.truecaller/code_cache/secondary-dexes/com.truecaller-1.apk.classes2.zip,/data/data/com.truecaller/code_cache/secondary-dexes/tmp-com.truecaller-1.apk.classes-1395577478.zip,/data/data/com.truecaller/code_cache/secondary-dexes/com.truecaller-1.apk.classes3.zip,/data/data/com.truecaller/code_cache/secondary-dexes/tmp-com.truecaller-1.apk.classes554949328.zip,/data/data/com.truecaller/code_cache/secondary-dexes/com.truecaller-1.apk.classes2.zip,/data/data/com.truecaller/code_cache/secondary-dexes/tmp-com.truecaller-1.apk.classes-889815587.zip,/data/data/com.truecaller/code_cache/secondary-dexes/com.truecaller-1.apk.classes3.zip,/data/data/com.truecaller/code_cache/secondary-dexes/tmp-com.truecaller-1.apk.classes77493471.zip,/data/data/com.truecaller/code_cache/secondary-dexes/com.truecaller-1.apk.classes2.zip,/data/data/com.truecaller/code_cache/secondary-dexes/tmp-com.truecaller-1.apk.classes-1341913348.zip,/data/data/com.truecaller/code_cache/secondary-dexes/com.truecaller-1.apk.classes3.zip,/data/data/com.truecaller/code_cache/secondary-dexes/tmp-com.truecaller-1.apk.classes2010398187.zip,/data/data/com.truecaller/code_cache/secondary-dexes/com.truecaller-1.apk.classes2.zip,/data/data/com.truecaller/code_cache/secondary-dexes/tmp-com.truecaller-1.apk.classes-305569047.zip,/data/data/com.truecaller/code_cache/secondary-dexes/com.truecaller-1.apk.classes3.zip,/data/data/com.truecaller/code_cache/secondary-dexes/tmp-com.truecaller-1.apk.classes-1573713886.zip,/data/data/com.truecaller/code_cache/secondary-dexes/tmp-com.truecaller-1.apk.classes1569208693.zip,/data/data/com.truecaller/shared_prefs/multidex.version.xml,/data/data/com.truecaller/shared_prefs/com.google.android.gms.measurement.prefs.xml,/data/data/com.truecaller/shared_prefs/com.crashlytics.sdk.android:answers:settings.xml,/data/data/com.truecaller/shared_prefs/tc.settings.xml,/data/data/com.truecaller/no_backup/com.google.InstanceId.properties,/data/data/com.truecaller/shared_prefs/com.google.android.gms.appid.xml,/data/data/com.truecaller/shared_prefs/com.truecaller_preferences.xml,/data/data/com.truecaller/files/logs/debug.log,/data/data/com.truecaller/shared_prefs/gcm-scheduler-engine-initial.xml,/data/data/com.truecaller/shared_prefs/com.facebook.sdk.appEventPreferences.xml,/data/data/com.truecaller/shared_prefs/com.facebook.sdk.attributionTracking.xml,/data/data/com.truecaller/files/persisted_config,/data/data/com.truecaller/shared_prefs/com.crashlytics.prefs.xml,/data/data/com.truecaller/shared_prefs/TwitterAdvertisingInfoPreferences.xml,/data/data/com.truecaller/files/.Fabric/com.crashlytics.sdk.android.crashlytics-core/56849AFB0243-0001-3CAA-9CCC36733B72BeginSession.cls_temp,/data/data/com.truecaller/files/AppEventsLogger.persistedevents,/data/data/com.truecaller/files/.Fabric/com.crashlytics.sdk.android.crashlytics-core/56849AFB0243-0001-3CAA-9CCC36733B72BeginSession.json,/data/data/com.truecaller/files/.Fabric/com.crashlytics.sdk.android.crashlytics-core/56849AFB0243-0001-3CAA-9CCC36733B72SessionApp.cls_temp,/data/data/com.truecaller/files/.Fabric/com.crashlytics.sdk.android:answers/session_analytics.tap.tmp,/data/data/com.truecaller/files/.Fabric/com.crashlytics.sdk.android:answers/session_analytics.tap,/data/data/com.truecaller/files/.Fabric/com.crashlytics.sdk.android.crashlytics-core/56849AFB0243-0001-3CAA-9CCC36733B72SessionApp.json,/data/data/com.truecaller/files/.Fabric/com.crashlytics.sdk.android.crashlytics-core/56849AFB0243-0001-3CAA-9CCC36733B72SessionOS.cls_temp,/data/data/com.truecaller/files/.Fabric/com.crashlytics.sdk.android.crashlytics-core/56849AFB0243-0001-3CAA-9CCC36733B72SessionOS.json,/data/data/com.truecaller/files/.Fabric/com.crashlytics.sdk.android:answers/session_analytics_to_send/sa_41fec7c0-e468-415d-a600-dfb7cf88d66c_1451531007329.tap,/data/data/com.truecaller/files/.Fabric/com.crashlytics.sdk.android.crashlytics-core/56849AFB0243-0001-3CAA-9CCC36733B72SessionDevice.cls_temp,/data/data/com.truecaller/files/.Fabric/com.crashlytics.sdk.android.crashlytics-core/56849AFB0243-0001-3CAA-9CCC36733B72SessionDevice.json,/data/data/com.truecaller/files/.Fabric/com.crashlytics.sdk.android.crashlytics-core/56849AFB0243-0001-3CAA-9CCC36733B72keys.meta,/data/data/com.truecaller/cache/disklru/journal.tmp,/data/data/com.truecaller/files/.Fabric/com.crashlytics.sdk.android.crashlytics-core/56849AFB0243-0001-3CAA-9CCC36733B72user.meta,/data/data/com.truecaller/files/.Fabric/com.crashlytics.sdk.android.crashlytics-core/56849AFB0243-0001-3CAA-9CCC36733B72SessionEvent0000000000.cls_temp,/data/data/com.truecaller/files/.Fabric/com.crashlytics.sdk.android.crashlytics-core/56849AFB0243-0001-3CAA-9CCC36733B72SessionEvent0000000001.cls_temp,/data/data/com.truecaller/files/.Fabric/com.crashlytics.sdk.android.crashlytics-core/56849AFD00DD-0001-3CAD-EF6F5D39AFE1BeginSession.cls_temp,/data/data/com.truecaller/files/.Fabric/com.crashlytics.sdk.android.crashlytics-core/56849AFD00DD-0001-3CAD-EF6F5D39AFE1BeginSession.json,/data/data/com.truecaller/files/.Fabric/com.crashlytics.sdk.android:answers/session_analytics_to_send/sa_a3bc1fd2-34b8-4902-94ec-db5130c509a6_1451531008862.tap,/data/data/com.truecaller/files/.Fabric/com.crashlytics.sdk.android.crashlytics-core/56849AFD00DD-0001-3CAD-EF6F5D39AFE1SessionApp.cls_temp,/data/data/com.truecaller/files/.Fabric/com.crashlytics.sdk.android.crashlytics-core/56849AFD00DD-0001-3CAD-EF6F5D39AFE1SessionApp.json,/data/data/com.truecaller/files/.Fabric/com.crashlytics.sdk.android.crashlytics-core/56849AFD00DD-0001-3CAD-EF6F5D39AFE1SessionOS.cls_temp,/data/data/com.truecaller/files/.Fabric/com.crashlytics.sdk.android.crashlytics-core/56849AFD00DD-0001-3CAD-EF6F5D39AFE1SessionOS.json,/data/data/com.truecaller/files/.Fabric/com.crashlytics.sdk.android.crashlytics-core/56849AFD00DD-0001-3CAD-EF6F5D39AFE1SessionDevice.cls_temp,/data/data/com.truecaller/files/.Fabric/com.crashlytics.sdk.android.crashlytics-core/56849AFD00DD-0001-3CAD-EF6F5D39AFE1SessionDevice.json,/data/data/com.truecaller/files/.Fabric/com.crashlytics.sdk.android.crashlytics-core/56849AFD00DD-0001-3CAD-EF6F5D39AFE1keys.meta,/data/data/com.truecaller/files/.Fabric/com.crashlytics.sdk.android.crashlytics-core/56849AFD00DD-0001-3CAD-EF6F5D39AFE1user.meta,/data/data/com.truecaller/files/.Fabric/com.crashlytics.sdk.android.crashlytics-core/56849AFD00DD-0001-3CAD-EF6F5D39AFE1SessionEvent0000000000.cls_temp,/data/data/com.truecaller/files/.Fabric/com.crashlytics.sdk.android.crashlytics-core/56849AFD00DD-0001-3CAD-EF6F5D39AFE1SessionEvent0000000001.cls_temp,/data/data/com.truecaller/code_cache/secondary-dexes/tmp-com.truecaller-1.apk.classes1748197113.zip,/data/data/com.truecaller/code_cache/secondary-dexes/tmp-com.truecaller-1.apk.classes705844626.zip,/data/data/com.truecaller/no_backup/com.google.android.gms.appid-no-backup,/data/data/com.truecaller/no_backup/com.google.InstanceId.properties,/data/data/com.truecaller/code_cache/secondary-dexes/tmp-com.truecaller-1.apk.classes1043513851.zip,/data/data/com.truecaller/code_cache/secondary-dexes/tmp-com.truecaller-1.apk.classes-1358075736.zip,/data/data/com.truecaller/code_cache/secondary-dexes/tmp-com.truecaller-1.apk.classes-9718566.zip,/data/data/com.truecaller/code_cache/secondary-dexes/tmp-com.truecaller-1.apk.classes-336909264.zip,/data/data/com.truecaller/code_cache/secondary-dexes/tmp-com.truecaller-1.apk.classes200446278.zip,/data/data/com.truecaller/code_cache/secondary-dexes/tmp-com.truecaller-1.apk.classes1158926755.zip,/data/data/com.truecaller/code_cache/secondary-dexes/tmp-com.truecaller-1.apk.classes349206185.zip,/data/data/com.truecaller/code_cache/secondary-dexes/tmp-com.truecaller-1.apk.classes1265145320.zip,/data/data/com.truecaller/code_cache/secondary-dexes/tmp-com.truecaller-1.apk.classes973863240.zip,/data/data/com.truecaller/code_cache/secondary-dexes/tmp-com.truecaller-1.apk.classes-1395577478.zip,/data/data/com.truecaller/code_cache/secondary-dexes/tmp-com.truecaller-1.apk.classes554949328.zip,/data/data/com.truecaller/code_cache/secondary-dexes/tmp-com.truecaller-1.apk.classes-889815587.zip,/data/data/com.truecaller/code_cache/secondary-dexes/tmp-com.truecaller-1.apk.classes77493471.zip,/data/data/com.truecaller/code_cache/secondary-dexes/tmp-com.truecaller-1.apk.classes-1341913348.zip,/data/data/com.truecaller/code_cache/secondary-dexes/tmp-com.truecaller-1.apk.classes2010398187.zip,/data/data/com.truecaller/code_cache/secondary-dexes/tmp-com.truecaller-1.apk.classes-305569047.zip,debug.force_rtl,persist.sys.timezone,185.60.216.15,graph.facebook.com,185.60.216.15,star.c10r.facebook.com,179.60.195.7,graph.facebook.com,179.60.195.7,star.c10r.facebook.com,179.60.192.3,graph.facebook.com,179.60.192.3,star.c10r.facebook.com,157.240.21.16,graph.facebook.com,157.240.21.16,star.c10r.facebook.com,4b2fb7850959685fc25994081bfa9205c7807618524e0e4b3a78b602895463bf,50095a614cd938107e1f8496458a234fcba75eb93ef5c77fb2ccf43a6652b2b4,7b8a98cce6af2549e7a3cfc055128dc8254c3a855c7938a92c63a1e1e4e38c28,4fccc91e4ef28b674cb5869f352d49b3febe327dba84303f73936ef30cfa3b0c,su,com.truecaller/com.truecaller.service.CallStateService,com.truecaller/com.truecaller.service.ClipboardService,com.truecaller/com.truecaller.service.RefreshT9MappingService,com.truecaller/com.truecaller.common.tag.TagService,com.truecaller/com.truecaller.presence.PresenceService,com.truecaller/com.truecaller.analytics.EventsTrackerService,com.truecaller/com.truecaller.callerid.CallerIdService,com.google.android.finsky.services.ContentSyncService (com.android.vending),com.google.android.gms.app.service.PackageBroadcastService (com.google.android.gms),com.google.android.gms.games.service.GamesIntentService (com.google.android.gms),com.google.android.gms.icing.service.LightweightIndexService (com.google.process.gapps),com.google.android.gms.icing.service.IndexWorkerService (com.google.android.gms),com.google.android.partnersetup.RlzPingIntentService (com.google.android.partnersetup),com.google.android.gms.people.service.bg.PeopleBackgroundTasks (com.google.android.gms),com.google.android.syncadapters.contacts.ContactsSyncAdapterService (com.google.process.gapps),https://graph.facebook.com/v2.11/126694440681943?fields=supports_implicit_sdk_logging%2Cgdpv4_nux_content%2Cgdpv4_nux_enabled%2Cgdpv4_chrome_custom_tabs_enabled%2Candroid_dialog_configs%2Candroid_sdk_error_categories%2Capp_events_session_timeout%2Capp_events_feature_bitmask%2Cseamless_login%2Csmart_login_bookmark_icon_url%2Csmart_login_menu_icon_url&format=json&sdk=android,GET,200
