data.signals_hooked0,data.signals_hooked1,data.signals_hooked2,data.signals_hooked3,data.signals_hooked4,data.signals_hooked5,data.files_deleted0,data.files_deleted1,data.files_deleted2,data.files_deleted3,data.files_deleted4,data.files_deleted5,data.files_deleted6,data.files_deleted7,data.files_deleted8,data.files_deleted9,data.files_deleted10,data.files_deleted11,data.files_deleted12,data.files_deleted13,data.files_deleted14,data.files_deleted15,data.files_deleted16,data.files_deleted17,data.files_deleted18,data.files_deleted19,data.files_deleted20,data.files_deleted21,data.files_deleted22,data.files_deleted23,data.files_deleted24,data.files_deleted25,data.files_deleted26,data.files_deleted27,data.files_deleted28,data.files_deleted29,data.files_deleted30,data.files_deleted31,data.files_deleted32,data.files_deleted33,data.files_deleted34,data.files_deleted35,data.files_deleted36,data.files_deleted37,data.files_deleted38,data.files_deleted39,data.files_deleted40,data.files_deleted41,data.files_deleted42,data.files_deleted43,data.files_deleted44,data.files_deleted45,data.files_deleted46,data.files_deleted47,data.files_deleted48,data.files_deleted49,data.files_deleted50,data.files_deleted51,data.files_deleted52,data.files_deleted53,data.services_bound0,data.services_bound1,data.services_bound2,data.files_opened0,data.files_opened1,data.files_opened2,data.files_opened3,data.files_opened4,data.files_opened5,data.files_opened6,data.files_opened7,data.files_opened8,data.files_opened9,data.files_opened10,data.files_opened11,data.files_opened12,data.files_opened13,data.files_opened14,data.files_opened15,data.files_opened16,data.files_opened17,data.files_opened18,data.files_opened19,data.files_opened20,data.files_opened21,data.files_opened22,data.files_opened23,data.files_opened24,data.files_opened25,data.files_opened26,data.files_opened27,data.files_opened28,data.files_opened29,data.files_opened30,data.files_opened31,data.files_opened32,data.files_opened33,data.files_opened34,data.files_opened35,data.files_opened36,data.files_opened37,data.files_opened38,data.files_opened39,data.files_opened40,data.files_opened41,data.files_opened42,data.files_opened43,data.files_opened44,data.files_opened45,data.files_opened46,data.files_opened47,data.files_opened48,data.files_opened49,data.files_opened50,data.files_opened51,data.files_opened52,data.files_opened53,data.files_opened54,data.files_opened55,data.files_opened56,data.files_opened57,data.files_opened58,data.files_opened59,data.calls_highlighted0,data.calls_highlighted1,data.tags0,data.tags1,data.text_highlighted0,data.text_highlighted1,data.text_highlighted2,data.text_highlighted3,data.text_highlighted4,data.text_highlighted5,data.text_highlighted6,data.text_highlighted7,data.text_highlighted8,data.invokes0,data.invokes1,data.invokes2,data.invokes3,data.invokes4,data.invokes5,data.invokes6,data.invokes7,data.invokes8,data.invokes9,data.invokes10,data.invokes11,data.invokes12,data.invokes13,data.modules_loaded0,data.modules_loaded1,data.activities_started0,data.activities_started1,data.activities_started2,data.activities_started3,data.ip_traffic0.transport_layer_protocol,data.ip_traffic0.destination_ip,data.ip_traffic0.destination_port,data.ip_traffic1.transport_layer_protocol,data.ip_traffic1.destination_ip,data.ip_traffic1.destination_port,data.ip_traffic2.transport_layer_protocol,data.ip_traffic2.destination_ip,data.ip_traffic2.destination_port,data.ip_traffic3.transport_layer_protocol,data.ip_traffic3.destination_ip,data.ip_traffic3.destination_port,data.ip_traffic4.transport_layer_protocol,data.ip_traffic4.destination_ip,data.ip_traffic4.destination_port,data.processes_tree0.process_id,data.processes_tree0.name,data.processes_tree0.children0.process_id,data.processes_tree0.children0.name,data.permissions_checked0.owner,data.permissions_checked0.permission,data.encoding_algorithms_observed0,data.encoding_algorithms_observed1,data.text_decoded0,data.text_decoded1,data.text_decoded2,data.shared_preferences_sets0.key,data.shared_preferences_sets0.value,data.shared_preferences_sets1.key,data.shared_preferences_sets1.value,data.shared_preferences_sets2.key,data.shared_preferences_sets2.value,data.shared_preferences_sets3.key,data.shared_preferences_sets3.value,data.shared_preferences_sets4.key,data.shared_preferences_sets4.value,data.shared_preferences_sets5.key,data.shared_preferences_sets5.value,data.shared_preferences_sets6.key,data.shared_preferences_sets6.value,data.shared_preferences_sets7.key,data.shared_preferences_sets7.value,data.shared_preferences_sets8.key,data.shared_preferences_sets8.value,data.shared_preferences_sets9.key,data.shared_preferences_sets9.value,data.shared_preferences_sets10.key,data.shared_preferences_sets10.value,data.shared_preferences_sets11.key,data.shared_preferences_sets11.value,data.shared_preferences_sets12.key,data.shared_preferences_sets12.value,data.shared_preferences_sets13.key,data.shared_preferences_sets13.value,data.shared_preferences_sets14.key,data.shared_preferences_sets15.key,data.shared_preferences_sets15.value,data.shared_preferences_sets16.key,data.shared_preferences_sets16.value,data.shared_preferences_sets17.key,data.shared_preferences_sets17.value,data.shared_preferences_sets18.key,data.shared_preferences_sets18.value,data.shared_preferences_sets19.key,data.shared_preferences_sets19.value,data.shared_preferences_sets20.key,data.shared_preferences_sets20.value,data.shared_preferences_sets21.key,data.shared_preferences_sets21.value,data.shared_preferences_sets22.key,data.shared_preferences_sets22.value,data.shared_preferences_sets23.key,data.shared_preferences_sets23.value,data.shared_preferences_sets24.key,data.shared_preferences_sets24.value,data.shared_preferences_sets25.key,data.shared_preferences_sets25.value,data.shared_preferences_sets26.key,data.shared_preferences_sets26.value,data.shared_preferences_sets27.key,data.shared_preferences_sets27.value,data.shared_preferences_sets28.key,data.shared_preferences_sets28.value,data.shared_preferences_sets29.key,data.shared_preferences_sets29.value,data.shared_preferences_sets30.key,data.shared_preferences_sets30.value,data.shared_preferences_sets31.key,data.shared_preferences_sets31.value,data.shared_preferences_sets32.key,data.shared_preferences_sets32.value,data.shared_preferences_sets33.key,data.shared_preferences_sets33.value,data.shared_preferences_sets34.key,data.shared_preferences_sets34.value,data.shared_preferences_sets35.key,data.shared_preferences_sets35.value,data.shared_preferences_sets36.key,data.shared_preferences_sets36.value,data.shared_preferences_sets37.key,data.shared_preferences_sets37.value,data.shared_preferences_sets38.key,data.shared_preferences_sets38.value,data.shared_preferences_sets39.key,data.shared_preferences_sets39.value,data.shared_preferences_sets40.key,data.shared_preferences_sets40.value,data.shared_preferences_sets41.key,data.shared_preferences_sets41.value,data.shared_preferences_sets42.key,data.shared_preferences_sets42.value,data.shared_preferences_sets43.key,data.shared_preferences_sets43.value,data.shared_preferences_sets44.key,data.shared_preferences_sets44.value,data.shared_preferences_sets45.key,data.shared_preferences_sets45.value,data.shared_preferences_sets46.key,data.shared_preferences_sets46.value,data.shared_preferences_sets47.key,data.shared_preferences_sets47.value,data.shared_preferences_sets48.key,data.shared_preferences_sets48.value,data.shared_preferences_sets49.key,data.shared_preferences_sets49.value,data.shared_preferences_sets50.key,data.shared_preferences_sets50.value,data.shared_preferences_sets51.key,data.shared_preferences_sets51.value,data.shared_preferences_sets52.key,data.shared_preferences_sets52.value,data.shared_preferences_sets53.key,data.shared_preferences_sets53.value,data.shared_preferences_sets54.key,data.shared_preferences_sets54.value,data.shared_preferences_sets55.key,data.shared_preferences_sets55.value,data.shared_preferences_sets56.key,data.shared_preferences_sets56.value,data.shared_preferences_sets57.key,data.shared_preferences_sets57.value,data.shared_preferences_sets58.key,data.shared_preferences_sets58.value,data.shared_preferences_sets59.key,data.shared_preferences_sets59.value,data.shared_preferences_sets60.key,data.shared_preferences_sets60.value,data.shared_preferences_sets61.key,data.shared_preferences_sets61.value,data.shared_preferences_sets62.key,data.shared_preferences_sets62.value,data.shared_preferences_sets63.key,data.shared_preferences_sets63.value,data.shared_preferences_sets64.key,data.shared_preferences_sets64.value,data.shared_preferences_sets65.key,data.shared_preferences_sets65.value,data.shared_preferences_sets66.key,data.shared_preferences_sets66.value,data.shared_preferences_sets67.key,data.shared_preferences_sets67.value,data.shared_preferences_sets68.key,data.shared_preferences_sets68.value,data.shared_preferences_sets69.key,data.shared_preferences_sets69.value,data.shared_preferences_sets70.key,data.shared_preferences_sets70.value,data.shared_preferences_sets71.key,data.shared_preferences_sets71.value,data.shared_preferences_sets72.key,data.shared_preferences_sets72.value,data.shared_preferences_sets73.key,data.shared_preferences_sets73.value,data.shared_preferences_sets74.key,data.shared_preferences_sets74.value,data.shared_preferences_sets75.key,data.shared_preferences_sets75.value,data.shared_preferences_sets76.key,data.shared_preferences_sets76.value,data.shared_preferences_sets77.key,data.shared_preferences_sets77.value,data.shared_preferences_sets78.key,data.shared_preferences_sets78.value,data.shared_preferences_sets79.key,data.shared_preferences_sets79.value,data.shared_preferences_sets80.key,data.shared_preferences_sets80.value,data.shared_preferences_sets81.key,data.shared_preferences_sets81.value,data.shared_preferences_sets82.key,data.shared_preferences_sets82.value,data.shared_preferences_sets83.key,data.shared_preferences_sets83.value,data.shared_preferences_sets84.key,data.shared_preferences_sets84.value,data.shared_preferences_sets85.key,data.shared_preferences_sets85.value,data.shared_preferences_sets86.key,data.shared_preferences_sets86.value,data.shared_preferences_sets87.key,data.shared_preferences_sets87.value,data.shared_preferences_sets88.key,data.shared_preferences_sets88.value,data.shared_preferences_sets89.key,data.shared_preferences_sets89.value,data.shared_preferences_sets90.key,data.shared_preferences_sets90.value,data.shared_preferences_sets91.key,data.shared_preferences_sets91.value,data.shared_preferences_sets92.key,data.shared_preferences_sets92.value,data.shared_preferences_sets93.key,data.shared_preferences_sets93.value,data.shared_preferences_sets94.key,data.shared_preferences_sets94.value,data.shared_preferences_sets95.key,data.shared_preferences_sets95.value,data.shared_preferences_sets96.key,data.shared_preferences_sets96.value,data.shared_preferences_sets97.key,data.shared_preferences_sets97.value,data.shared_preferences_sets98.key,data.shared_preferences_sets98.value,data.shared_preferences_sets99.key,data.shared_preferences_sets99.value,data.shared_preferences_sets100.key,data.shared_preferences_sets100.value,data.shared_preferences_sets101.key,data.shared_preferences_sets101.value,data.shared_preferences_sets102.key,data.shared_preferences_sets102.value,data.shared_preferences_sets103.key,data.shared_preferences_sets103.value,data.shared_preferences_sets104.key,data.shared_preferences_sets104.value,data.shared_preferences_sets105.key,data.shared_preferences_sets105.value,data.files_copied0.source,data.files_copied0.destination,data.files_copied1.source,data.files_copied1.destination,data.files_copied2.source,data.files_copied2.destination,data.files_copied3.source,data.files_copied3.destination,data.files_copied4.source,data.files_copied4.destination,data.files_copied5.source,data.files_copied5.destination,data.files_copied6.source,data.files_copied6.destination,data.files_copied7.source,data.files_copied7.destination,data.files_copied8.source,data.files_copied8.destination,data.files_copied9.source,data.files_copied9.destination,data.files_copied10.source,data.files_copied10.destination,data.files_copied11.source,data.files_copied11.destination,data.files_copied12.source,data.files_copied12.destination,data.files_copied13.source,data.files_copied13.destination,data.files_copied14.source,data.files_copied14.destination,data.files_copied15.source,data.files_copied15.destination,data.files_copied16.source,data.files_copied16.destination,data.files_copied17.source,data.files_copied17.destination,data.files_copied18.source,data.files_copied18.destination,data.files_copied19.source,data.files_copied19.destination,data.files_copied20.source,data.files_copied20.destination,data.files_copied21.source,data.files_copied21.destination,data.files_copied22.source,data.files_copied22.destination,data.files_copied23.source,data.files_copied23.destination,data.files_copied24.source,data.files_copied24.destination,data.files_copied25.source,data.files_copied25.destination,data.files_copied26.source,data.files_copied26.destination,data.files_copied27.source,data.files_copied27.destination,data.files_copied28.source,data.files_copied28.destination,data.files_copied29.source,data.files_copied29.destination,data.files_copied30.source,data.files_copied30.destination,data.files_copied31.source,data.files_copied31.destination,data.files_written0,data.files_written1,data.files_written2,data.files_written3,data.files_written4,data.files_written5,data.files_written6,data.files_written7,data.files_written8,data.files_written9,data.files_written10,data.files_written11,data.files_written12,data.files_written13,data.files_written14,data.files_written15,data.files_written16,data.files_written17,data.files_written18,data.files_written19,data.files_written20,data.files_written21,data.files_written22,data.files_written23,data.files_written24,data.files_written25,data.files_written26,data.files_written27,data.files_written28,data.files_written29,data.files_written30,data.files_written31,data.files_written32,data.files_written33,data.files_written34,data.files_written35,data.files_written36,data.files_written37,data.files_written38,data.files_written39,data.files_written40,data.files_written41,data.files_written42,data.files_written43,data.files_written44,data.files_written45,data.files_written46,data.files_written47,data.files_written48,data.files_written49,data.files_written50,data.files_written51,data.files_written52,data.files_written53,data.files_written54,data.files_written55,data.files_written56,data.files_written57,data.files_written58,data.files_written59,data.files_written60,data.files_written61,data.files_written62,data.files_written63,data.files_written64,data.files_written65,data.files_written66,data.files_written67,data.files_written68,data.files_written69,data.files_written70,data.files_written71,data.files_written72,data.system_property_lookups0,data.system_property_lookups1,data.system_property_lookups2,data.dns_lookups0.hostname,data.dns_lookups1.hostname,data.dns_lookups2.resolved_ips0,data.dns_lookups2.hostname,data.dns_lookups3.resolved_ips0,data.dns_lookups3.hostname,data.dns_lookups4.resolved_ips0,data.dns_lookups4.hostname,data.dns_lookups5.resolved_ips0,data.dns_lookups5.hostname,data.dns_lookups6.resolved_ips0,data.dns_lookups6.hostname,data.dns_lookups7.resolved_ips0,data.dns_lookups7.hostname,data.dns_lookups8.resolved_ips0,data.dns_lookups8.hostname,data.dns_lookups9.resolved_ips0,data.dns_lookups9.hostname,data.dns_lookups10.resolved_ips0,data.dns_lookups10.hostname,data.dns_lookups11.resolved_ips0,data.dns_lookups11.hostname,data.dns_lookups12.resolved_ips0,data.dns_lookups12.hostname,data.dns_lookups13.resolved_ips0,data.dns_lookups13.hostname,data.files_dropped0.sha256,data.files_dropped1.sha256,data.files_dropped2.sha256,data.files_dropped3.sha256,data.command_executions0,data.services_started0,data.services_started1,data.services_started2,data.services_started3,data.services_started4,data.services_started5,data.services_started6,data.services_opened0,data.services_opened1,data.services_opened2,data.services_opened3,data.services_opened4,data.services_opened5,data.services_opened6,data.services_opened7,data.services_opened8,data.http_conversations0.url,data.http_conversations0.request_method,data.http_conversations0.response_status_code
android.intent.action.BATTERY_CHANGED,android.intent.action.ACTION_POWER_CONNECTED,android.intent.action.ACTION_POWER_DISCONNECTED,android.intent.action.TIMEZONE_CHANGED,android.intent.action.AIRPLANE_MODE,android.net.conn.CONNECTIVITY_CHANGE,/data/data/com.truecaller/code_cache/secondary-dexes/tmp-com.truecaller-1.apk.classes-1573713886.zip,/data/data/com.truecaller/code_cache/secondary-dexes/tmp-com.truecaller-1.apk.classes1569208693.zip,/data/data/com.truecaller/shared_prefs/multidex.version.xml.bak,/data/data/com.truecaller/files/AppEventsLogger.persistedevents,/data/data/com.truecaller/shared_prefs/com.google.android.gms.measurement.prefs.xml.bak,/data/data/com.truecaller/shared_prefs/com.crashlytics.sdk.android:answers:settings.xml.bak,/data/data/com.truecaller/shared_prefs/TwitterAdvertisingInfoPreferences.xml.bak,/data/data/com.truecaller/shared_prefs/com.crashlytics.prefs.xml.bak,/data/data/com.truecaller/shared_prefs/tc.settings.xml.bak,/data/data/com.truecaller/files/.Fabric/com.crashlytics.sdk.android.crashlytics-core/initialization_marker,/data/data/com.truecaller/files/.Fabric/com.crashlytics.sdk.android:answers/session_analytics.tap,/data/data/com.truecaller/shared_prefs/com.google.android.gms.appid.xml.bak,/data/data/com.truecaller/shared_prefs/com.truecaller_preferences.xml.bak,/data/data/com.truecaller/shared_prefs/com.facebook.sdk.appEventPreferences.xml.bak,/data/data/com.truecaller/shared_prefs/com.facebook.sdk.attributionTracking.xml.bak,/data/data/com.truecaller/cache/disklru/journal.bkp,/data/data/com.truecaller/files/.Fabric/com.crashlytics.sdk.android.crashlytics-core/log-files/crashlytics-userlog-56849AFF01AD-0001-3CAC-724BAD1345B8.temp,/data/data/com.truecaller/code_cache/secondary-dexes/tmp-com.truecaller-1.apk.classes194705067.zip,/data/data/com.truecaller/code_cache/secondary-dexes/tmp-com.truecaller-1.apk.classes-1094918737.zip,/data/data/com.truecaller/shared_prefs/multidex.version.xml.bak,/data/data/com.truecaller/shared_prefs/com.google.android.gms.appid.xml.bak,/data/data/com.truecaller/code_cache/secondary-dexes/tmp-com.truecaller-1.apk.classes214637033.zip,/data/data/com.truecaller/code_cache/secondary-dexes/tmp-com.truecaller-1.apk.classes1232765571.zip,/data/data/com.truecaller/code_cache/secondary-dexes/tmp-com.truecaller-1.apk.classes-1379484929.zip,/data/data/com.truecaller/code_cache/secondary-dexes/tmp-com.truecaller-1.apk.classes1894042500.zip,/data/data/com.truecaller/code_cache/secondary-dexes/tmp-com.truecaller-1.apk.classes1904869600.zip,/data/data/com.truecaller/code_cache/secondary-dexes/tmp-com.truecaller-1.apk.classes-679536950.zip,/data/data/com.truecaller/code_cache/secondary-dexes/tmp-com.truecaller-1.apk.classes935271723.zip,/data/data/com.truecaller/code_cache/secondary-dexes/tmp-com.truecaller-1.apk.classes1673671983.zip,/data/data/com.truecaller/code_cache/secondary-dexes/tmp-com.truecaller-1.apk.classes1283498482.zip,/data/data/com.truecaller/code_cache/secondary-dexes/tmp-com.truecaller-1.apk.classes-1013783788.zip,/data/data/com.truecaller/code_cache/secondary-dexes/tmp-com.truecaller-1.apk.classes398416715.zip,/data/data/com.truecaller/code_cache/secondary-dexes/tmp-com.truecaller-1.apk.classes1439476609.zip,/data/data/com.truecaller/files/AppEventsLogger.persistedevents,/data/data/com.truecaller/code_cache/secondary-dexes/tmp-com.truecaller-1.apk.classes788621096.zip,/data/data/com.truecaller/code_cache/secondary-dexes/tmp-com.truecaller-1.apk.classes276505048.zip,/data/data/com.truecaller/shared_prefs/com.crashlytics.sdk.android:answers:settings.xml.bak,/data/data/com.truecaller/shared_prefs/com.google.android.gms.measurement.prefs.xml.bak,/data/data/com.truecaller/code_cache/secondary-dexes/tmp-com.truecaller-1.apk.classes-49872640.zip,/data/data/com.truecaller/code_cache/secondary-dexes/tmp-com.truecaller-1.apk.classes-2135818267.zip,/data/data/com.truecaller/code_cache/secondary-dexes/tmp-com.truecaller-1.apk.classes1233170115.zip,/data/data/com.truecaller/code_cache/secondary-dexes/tmp-com.truecaller-1.apk.classes-1234685942.zip,/data/data/com.truecaller/code_cache/secondary-dexes/tmp-com.truecaller-1.apk.classes-1863763824.zip,/data/data/com.truecaller/code_cache/secondary-dexes/tmp-com.truecaller-1.apk.classes-60631313.zip,/data/data/com.truecaller/code_cache/secondary-dexes/tmp-com.truecaller-1.apk.classes209398973.zip,/data/data/com.truecaller/code_cache/secondary-dexes/tmp-com.truecaller-1.apk.classes176299265.zip,/data/data/com.truecaller/code_cache/secondary-dexes/tmp-com.truecaller-1.apk.classes-216077241.zip,/data/data/com.truecaller/code_cache/secondary-dexes/tmp-com.truecaller-1.apk.classes1536298088.zip,/data/data/com.truecaller/code_cache/secondary-dexes/tmp-com.truecaller-1.apk.classes1652996747.zip,/data/data/com.truecaller/code_cache/secondary-dexes/tmp-com.truecaller-1.apk.classes600011075.zip,/data/data/com.truecaller/code_cache/secondary-dexes/tmp-com.truecaller-1.apk.classes191437054.zip,/data/data/com.truecaller/code_cache/secondary-dexes/tmp-com.truecaller-1.apk.classes1706103047.zip,/data/data/com.truecaller/code_cache/secondary-dexes/tmp-com.truecaller-1.apk.classes415836234.zip,/data/data/com.truecaller/code_cache/secondary-dexes/tmp-com.truecaller-1.apk.classes1389239615.zip,"
com.google.android.gms.ads.identifier.service.START
","com.truecaller/com.truecaller.presence.PresenceService
com.truecaller.androidactors.ActorService
","com.truecaller/com.truecaller.analytics.EventsTrackerService
com.truecaller.androidactors.ActorService
",/data/app/com.truecaller-1.apk,/data/data/com.truecaller/code_cache/secondary-dexes/com.truecaller-1.apk.classes2.zip,/data/data/com.truecaller/code_cache/secondary-dexes/com.truecaller-1.apk.classes3.zip,/data/misc/keychain/pins,/proc/15532/cmdline,/data/data/com.truecaller/files/.Fabric/com.crashlytics.sdk.android:answers/session_analytics.tap,/proc/meminfo,/data/data/com.truecaller/files/events-v2.queue,/data/data/com.truecaller/files/AppEventsLogger.persistedevents,/data/app/com.truecaller-1.apk,/data/data/com.truecaller/code_cache/secondary-dexes/MultiDex.lock,/data/data/com.truecaller/code_cache/secondary-dexes/tmp-com.truecaller-1.apk.classes194705067.zip,/data/data/com.truecaller/code_cache/secondary-dexes/com.truecaller-1.apk.classes2.zip,/data/data/com.truecaller/code_cache/secondary-dexes/tmp-com.truecaller-1.apk.classes-1094918737.zip,/data/data/com.truecaller/code_cache/secondary-dexes/com.truecaller-1.apk.classes3.zip,/data/data/com.truecaller/shared_prefs/multidex.version.xml,/data/data/com.truecaller/code_cache/secondary-dexes/com.truecaller-1.apk.classes2.dex,/data/data/com.truecaller/code_cache/secondary-dexes/com.truecaller-1.apk.classes3.dex,/data/data/com.truecaller/no_backup/com.google.InstanceId.properties,/data/data/com.truecaller/shared_prefs/com.google.android.gms.appid.xml,/data/misc/keychain/pins,/data/data/com.truecaller/code_cache/secondary-dexes/tmp-com.truecaller-1.apk.classes214637033.zip,/data/data/com.truecaller/code_cache/secondary-dexes/tmp-com.truecaller-1.apk.classes1232765571.zip,/data/data/com.truecaller/code_cache/secondary-dexes/tmp-com.truecaller-1.apk.classes-1379484929.zip,/data/data/com.truecaller/code_cache/secondary-dexes/tmp-com.truecaller-1.apk.classes1894042500.zip,/data/data/com.truecaller/code_cache/secondary-dexes/tmp-com.truecaller-1.apk.classes1904869600.zip,/data/data/com.truecaller/code_cache/secondary-dexes/tmp-com.truecaller-1.apk.classes-679536950.zip,/data/data/com.truecaller/code_cache/secondary-dexes/tmp-com.truecaller-1.apk.classes935271723.zip,/data/data/com.truecaller/code_cache/secondary-dexes/tmp-com.truecaller-1.apk.classes1673671983.zip,/data/data/com.truecaller/code_cache/secondary-dexes/tmp-com.truecaller-1.apk.classes1283498482.zip,/data/data/com.truecaller/code_cache/secondary-dexes/tmp-com.truecaller-1.apk.classes-1013783788.zip,/data/data/com.truecaller/code_cache/secondary-dexes/tmp-com.truecaller-1.apk.classes398416715.zip,/data/data/com.truecaller/code_cache/secondary-dexes/tmp-com.truecaller-1.apk.classes1439476609.zip,/data/data/com.truecaller/code_cache/secondary-dexes/tmp-com.truecaller-1.apk.classes788621096.zip,/data/data/com.truecaller/code_cache/secondary-dexes/tmp-com.truecaller-1.apk.classes276505048.zip,/system/etc/security/cacerts/81b9768f.0,/proc/net/if_inet6,/sys/class/net/lo/ifindex,/sys/class/net/sit0/ifindex,/sys/class/net/eth0/ifindex,/sys/class/net/ip6tnl0/ifindex,/sys/class/net/eth0/mtu,/data/data/com.truecaller/shared_prefs/com.crashlytics.sdk.android:answers:settings.xml,/data/data/com.truecaller/shared_prefs/com.google.android.gms.measurement.prefs.xml,/data/data/com.truecaller/code_cache/secondary-dexes/tmp-com.truecaller-1.apk.classes-49872640.zip,/data/data/com.truecaller/code_cache/secondary-dexes/tmp-com.truecaller-1.apk.classes-2135818267.zip,/data/data/com.truecaller/code_cache/secondary-dexes/tmp-com.truecaller-1.apk.classes1233170115.zip,/data/data/com.truecaller/code_cache/secondary-dexes/tmp-com.truecaller-1.apk.classes-1234685942.zip,/data/data/com.truecaller/code_cache/secondary-dexes/tmp-com.truecaller-1.apk.classes-1863763824.zip,/data/data/com.truecaller/code_cache/secondary-dexes/tmp-com.truecaller-1.apk.classes-60631313.zip,/data/data/com.truecaller/code_cache/secondary-dexes/tmp-com.truecaller-1.apk.classes209398973.zip,/data/data/com.truecaller/code_cache/secondary-dexes/tmp-com.truecaller-1.apk.classes176299265.zip,/data/data/com.truecaller/code_cache/secondary-dexes/tmp-com.truecaller-1.apk.classes-216077241.zip,/data/data/com.truecaller/code_cache/secondary-dexes/tmp-com.truecaller-1.apk.classes1536298088.zip,/data/data/com.truecaller/code_cache/secondary-dexes/tmp-com.truecaller-1.apk.classes1652996747.zip,/data/data/com.truecaller/code_cache/secondary-dexes/tmp-com.truecaller-1.apk.classes600011075.zip,/data/data/com.truecaller/code_cache/secondary-dexes/tmp-com.truecaller-1.apk.classes191437054.zip,/data/data/com.truecaller/code_cache/secondary-dexes/tmp-com.truecaller-1.apk.classes1706103047.zip,/data/data/com.truecaller/code_cache/secondary-dexes/tmp-com.truecaller-1.apk.classes415836234.zip,/data/data/com.truecaller/code_cache/secondary-dexes/tmp-com.truecaller-1.apk.classes1389239615.zip,android.util.Base64.decode,android.util.Base64.encode,REFLECTION,RUNTIME_MODULES,æ™ºèƒ½é˜²éªšæ‰°çš„æ‹¨å·é€šè®¯åº”ç”¨,2.5äº¿ç”¨æˆ·çƒ­çˆ±çš„Truecaller,å¼€å§‹,ç‚¹å‡»å¼€å§‹æŒ‰é’®ï¼Œå¦‚æ‚¨å±…ä½åœ¨æ¬§æ´²è”ç›Ÿã€æ¬§æ´²ç»æµŽåŒºæˆ–ç‘žå£«ï¼Œåˆ™è¡¨æ˜Žæ‚¨åŒæ„æœåŠ¡æ¡æ¬¾ï¼›å¦‚æ‚¨å±…ä½åœ¨å…¶ä»–åŸŽå¸‚ï¼Œåˆ™è¡¨æ˜Žæ‚¨åŒæ„æœåŠ¡æ¡æ¬¾åŠéšç§æ”¿ç­–,è¾“å…¥æ‚¨çš„ç”µè¯å·ç ,é€‰æ‹©æ‚¨çš„å›½å®¶æˆ–åœ°åŒºï¼Œå¹¶è¾“å…¥æ‚¨çš„æ‰‹æœºå·,è¯·é€‰æ‹©æ‚¨çš„å›½å®¶æˆ–åœ°åŒº,13600001234,ç»§ç»­,dalvik.system.DexPathList.makeDexElements,android.content.pm.IPackageManager$Stub$Proxy.getServiceInfo,android.content.pm.IPackageManager$Stub$Proxy.getApplicationInfo,android.content.pm.IPackageManager$Stub$Proxy.checkPermission,com.google.firebase.iid.FirebaseInstanceId.getInstance,android.content.pm.IPackageManager$Stub$Proxy.queryIntentServices,android.net.NetworkInfo$State.values,com.google.android.gms.measurement.AppMeasurement.getInstance,android.content.pm.IPackageManager$Stub$Proxy.resolveContentProvider,android.content.pm.IPackageManager$Stub$Proxy.getProviderInfo,android.content.pm.IPackageManager$Stub$Proxy.getActivityInfo,android.content.pm.IPackageManager$Stub$Proxy.hasSystemFeature,com.google.android.gms.common.GooglePlayServicesUtil.isGooglePlayServicesAvailable,java.lang.Class.getInstance,/data/data/com.truecaller/code_cache/secondary-dexes/com.truecaller-1.apk.classes2.zip,/data/data/com.truecaller/code_cache/secondary-dexes/com.truecaller-1.apk.classes3.zip,"com.truecaller/com.truecaller.ui.WizardActivity

",com.truecaller.ui.TruecallerInit (com.truecaller),com.koushikdutta.superuser.RequestActivity (com.thirdparty.superuser),com.koushikdutta.superuser.MultitaskSuRequestActivity (com.thirdparty.superuser),TCP,179.60.195.7,443,TCP,157.240.20.15,443,TCP,157.240.21.16,443,TCP,157.240.1.18,443,TCP,69.171.250.15,443,8145,zygote,15532,com.truecaller,com.google.android.gms,com.google.android.c2dm.permission.SEND,Base64,base64,"0ï¿½""0	*ï¿½Hï¿½ï¿½ ï¿½ 0ï¿½
ï¿½ ï¿½ï¿½ï¿½ï¿½ï¿½ï¿½u_ï¿½{Q(ï¿½ï¿½ï¿½ï¿½ï¿½ï¿½f:ï¿½;ï¿½%Dï¿½wï¿½ï¿½ï¿½ qï¿½ï¿½Û„|Ó€`dï¿½ï¿½ï¿½ï¿½ï¿½DmLï¿½ï¿½ï¿½v?ï¿½\+3]ï¿½hï¿½ï¿½ï¿½uï¿½ï¿½v Tï¿½Xï¿½ï¿½ï¿½[ï¿½ï¿½ï¿½]>iï¿½lgï¿½+]ï¿½ï¿½Ù°[ï¿½ï¿½bx!ï¿½ï¿½ï¿½9]ï¿½ï¿½ï¿½ï¿½ï¿½gï¿½5 ï¿½ï¿½iï¿½<ï¿½ï¿½Pï¿½ï¿½ï¿½?ï¿½ Eï¿½ï¿½vï¿½Wï¿½dh\FIi0 ï¿½ï¿½ï¿½Gï¿½\d\ï¿½ï¿½	ï¿½_>)ï¿½ï¿½ï¿½Í¢ï¿½F%E
mï¿½5ï¿½ï¿½kd$RG!
ï¿½[ï¿½xï¿½iï¿½_N(ï¿½Yxï¿½ï¿½f
Ùœï¿½*ï¿½ï¿½Sï¿½?ï¿½ï¿½W*ï¿½q ",}ï¿½0ï¿½ï¿½ ï¿½/hï¿½Pï¿½!ï¿½ï¿½ï¿½ï¿½,"
0x00000",crashlytics.installation.id,4801eeedb3884687b2d9971750687a71,BUILD_KEY,GOOGLE_PLAY,osVersion,4.4.4,health_monitor:value,2EC12451:AppMeasurementReceiver not registered/enabled,language,zh_CN,countryHash,37e8d09fd4a669e5d4b3337e926b76ce,callLogTapBehavior,call,analyticsID,e0fe1f1-f5aec4d,|S||P|,MIIBIjANBgkqhkiG9w0BAQEFAAOCAQ8AMIIBCgKCAQEAu4y_2wSv54p1Xw-Ce1Eo5tDjFdzp3WY6H-g7pyVE6XeJt44gcfv0h5rbhHzTgGAGZJ3Exw779URtTLPBwJ-BFnYaP_OiXCszXftohwaviHWYFfqldgBUi1i08b-f3Fu3_IaXiOJdPh5p6mxntytdsN_ZsFsbqOi1ExRieCG1B-UcFsg5C12FluzV7mfsoDUgEP2GArhppTy965hQ4efeP4sgFEWh9nb4HVfpZGhcGEZJaTAgjxWX0ghH1lxkXMIc3QnuoV8-GymKlqfNotlGJUUKbdU1oqlrZCRSRyEK0FvdeL9pgF9OKJ5ZeJuMZgrZnP8qtJwDFVO0P6iVVyracQIDAQAB,|S||K|,MIIEvgIBADANBgkqhkiG9w0BAQEFAASCBKgwggSkAgEAAoIBAQC7jL_bBK_ninVfD4J7USjm0OMV3OndZjof6DunJUTpd4m3jiBx-_SHmtuEfNOAYAZkncTHDvv1RG1Ms8HAn4EWdho_86JcKzNd-2iHBq-IdZgV-qV2AFSLWLTxv5_cW7f8hpeI4l0-HmnqbGe3K12w39mwWxuo6LUTFGJ4IbUH5RwWyDkLXYWW7NXuZ-ygNSAQ_YYCuGmlPL3rmFDh594_iyAURaH2dvgdV-lkaFwYRklpMCCPFZfSCEfWXGRcwhzdCe6hXz4bKYqWp82i2UYlRQpt1TWiqWtkJFJHIQrQW914v2mAX04onll4m4xmCtmc_yq0nAMVU7Q_qJVXKtpxAgMBAAECggEBALF3DG-1LrGcXVV2-pOvh1FpJQeiAxUBT0yz1gZiCKQV_ZVXgjH5JDhQexkReJxHwKTieLmW3ykE95uVmGepRl-3nz0WT3KBWli6tPzXga9Q_nkFtB1FULqOVKFQHndHvn_P54GaGHrYEobEzxsOiNf96SGsBC8_C2AjcM2Vr5PoQnnCHqcmyzO2989mDgjUXzL-T9rZ5zie1XuQCwGq7wf7n3s3cStqDdTk_OSaSs97U9u2Dvcsf_oDMtCMZ9BYtEM-c3fYoPfu1z5PLb0tLcBQiRJr7rGYqruhdSLWYxI0EarnNQTJTZoH0YSyqLS5f_I5U6UhskGgvl7kv7zKZDECgYEA64xfbP1lzhLF4zU_1Woqja-LkfviHsGKSvttEgP4s6KR3PpnxewoB5Yr_5hlDuIGnjiRry75TeXaH-HwNjejtlHAcA1m9N3HTF6VIHBWRGXEssiwY02POa4NxSpCk6IG1laJSYp1J-8HQ7laUO6_3FEWN3pB7RVD1wHDkXqQxkUCgYEAy9V-f0YPMCsFK1f794-Yl87D34m2neebMMIEmoR-XqL9ZpdwAeZ4h6K5Qil6WzHnwgwjfrmXOZXWxqBDzidcwhUPy9bsmIw8lc5ELE5kywb0YBIjygIDYnv92nYEy8PCQWxoUL9PX96KroH86u-uiqI6kqB_csiYjluu1ZyU7D0CgYEAgCJdasmxztdRhNbbwbm-KlM7Zo-SI07_bui1HZ7BdN7T4FTrjLR51h6wEpuRJfZ4yStWvOidv-1wqfVbmfLMgQqZ15rCziOzHe05zGqv0wdVaDhaE7sGVcdEQGRL0UnL1F9A0ZubPbz-w62Z3vrxreUCY-2C3Xi67cRM4d-9z80CgYBp7w7K_pIuKm2JVTSyOILJgr_xkRTDg_b3pB3YYDt826BujQ29LxY9B6jYZc4dTxZvlvdriPC7ENCKcghLP9HJXEDVY2Ga9mcWRBjSHfvsODURKNxIxDsWF_KacvOTIq32amzcalDKNlJE13Gmd-JyUlW2losmEHKYqbV3duU-0QKBgCf-6VRo_ZJFiQ8rBsZkLwducUEPV8b6C0Yv7xih7DB05fZCIJeSNNLc2UlvnY0-Cll3cCUxGiUWUJWGXvxCK9BDP7iSUUbx60vXi5YopdG5KD70CkZVof_lv1stg9yWdd5P-5Wqc_X-h8qvl93ChmMAqNG_tnYFiuiyqbWn97MD,|S|cre,1451531008808,flash_ringtone,android.resource://com.truecaller/2131755495,anonymousAppDeviceGUID,XZcd2cadea-0bd3-4ebc-a885-d755653145f0,com.facebook.appevents.SessionInfo.sessionId,9c531e37-c042-4561-99c2-fef4af96c1af,com.facebook.appevents.SourceApplicationInfo.callingApplicationPackage,health_monitor:value,2WC12451:Service connection failed: -,wizard_StartPage,Page_EnterNumber,timestamp,1532408993000,crc,3117450246,dex.number,3,dex.crc.2,2771189902,dex.time.2,1532408999000,dex.crc.3,1327739995,dex.time.3,1532409000000,|S||P|,MIIBIjANBgkqhkiG9w0BAQEFAAOCAQ8AMIIBCgKCAQEA2quzD4iNkSqvuImfU2YvzHrwpGciCvzs35nKQZOwV5QdbULtG6Q3y86Jow2XMCS0Un3acuUlB_OW5eph05eOTw3o0UWLQiomzJB8jp7P3UQI4lwTAcVNo705H4qP0NH6cWRSkmRGWjbgkv0RbsVfDNo3tmXNO2jq4bRbA7IipiWZ2dvtnqBng6GeRZDcIKaJLmRKPbkffiq-zg_GT3WYUE6EIqddE4m3Snr4jux7g8ZLRCW5i9uqfzu53_f0Z33IyTCWzJKucutdZFl-mT3ypvfg7YtI-pYJ9tEft3ee6f_FnxygFOyRwfWGMUWwJECgdLBfWIVN00P_MEh3QvBemwIDAQAB,|S||K|,MIIEvgIBADANBgkqhkiG9w0BAQEFAASCBKgwggSkAgEAAoIBAQDaq7MPiI2RKq-4iZ9TZi_MevCkZyIK_OzfmcpBk7BXlB1tQu0bpDfLzomjDZcwJLRSfdpy5SUH85bl6mHTl45PDejRRYtCKibMkHyOns_dRAjiXBMBxU2jvTkfio_Q0fpxZFKSZEZaNuCS_RFuxV8M2je2Zc07aOrhtFsDsiKmJZnZ2-2eoGeDoZ5FkNwgpokuZEo9uR9-Kr7OD8ZPdZhQToQip10TibdKeviO7HuDxktEJbmL26p_O7nf9_RnfcjJMJbMkq5y611kWX6ZPfKm9-Dti0j6lgn20R-3d57p_8WfHKAU7JHB9YYxRbAkQKB0sF9YhU3TQ_8wSHdC8F6bAgMBAAECggEAcP2XoMcmn4Q3GFvEgAulVzuPbOP9qz_WBhQpdokh7Z8TNYoHiujoC9_FLwOuw6mzo4x0fDn7UIiFyHe75OHDHwZI7xnIQ4AUXE-sjOVy8xpcnNqG17tjyt_TzICEn5pglocIQ6yczbDdihZKE7rYyoNXlmA0FCa6d7YB8X7yeHaw7P-t7pNP0nJ-iYkIE6gr-BN-XVdTCIFh-5BnWAavcZe0YAviNapx4kHKL8usJrTBvvWx3589JoyMQLQBgV7-8zqFvzoWCo_6WMpHjZlUszMyC09OwgMRe7FH52N045vjJ_vfTaQqwo9fGTKgzrY87P9JKfmcFdyrunJbKPBxAQKBgQDtZDu5qAOMV7SdcYrILbI87rRrfCH9wrrS6bbSURmAnmU0T2K98bpyENPQIrngT5gfMH5sFyzLsk9RweHwLi8fLO_xlfZ_xMXwapslO2UslBkmV0HozSTHuDrYFX4qJ8Pk0hAr9h7JS-6_KljUn-c1b2Nq1wRKMuLcmeTr3kMtKwKBgQDrz8rwLnv3-cXOexCmNTxEv2s9hIaeYIGu1UVGqaVlGosai_amQbTYZCQCfdAPHuKxdh1ZBvgSdvj2_Eb8gKqlXDIvFo71X4pyK7klPHTokmrQnK_ecaWbCM1JcSTYrJPCxmdLtcoHylDJ_HMaClBCLJQ2DbrI2L0MZiR8IMs8UQKBgQCzV2EDnlmn4e6Sb1_gYR1hiRiGh04Krt2DT4uNkjVJBOECRuMbCo7Hc80BVerE-ny7O2CW-l8eOERSSL4PPGTfEYzoH1oNJrQ_L9qroxaJOg1R-OPTI4Ag3h6edoZNBKOqr8QF4jdZ7eKdSzm20GLU7KTX5z7Xa2AWNrFKPCzV5wKBgF9EottoHENx0H178J0FkuS_ZOcEnJJtsNbeaM-EiEKRd7Nw6mP-1b46ruWmyKDjPHivnGm0TBLBqBG4mEE5BjgqSEgH2Be_0qIPkgw-IYk4ZhkDxHWc-mfpJW7PXDCBgGzHVUIcHpQJI5yG9kWF9yjU88fmwhiUn8PbnE_du94RAoGBAOKDRyyLgph53cZXJ_gUD9zX6QVwD3HzrP4unYLKbx1s2R-2_w3FDLj2UIietyUIegkqKWwtTj_H7nd2D1Xw4eUiNnzXlGwAood9yFySrP2IMFHSdG3lCUr2DodP7vwXnVmGineqj7q32fvpOkmvcIzvXRVxbeKJK2H3hvmZy4_6,|S|cre,1532409002517,timestamp,1532408790000,dex.time.2,1532408795000,dex.time.3,1532408796000,|S||P|,MIIBIjANBgkqhkiG9w0BAQEFAAOCAQ8AMIIBCgKCAQEA1qhkjarxC_zssf8EiMteSJRV3JV-bmzsbqoVGhLUOmCdWgbmAyPS-qGFOCYOyayRK-cE0CzP62qFvX0WrRUVtcS8_syURpTCcg1zCsKnqZQqUYKuTnQ-gQ4dWO0GUu7FuU80XUBAE70quLrZzLIuYZdQXNQwAnmlA7otYTaYZA8lr8wBqY7L9XG50vBcVSD31wHWLApavdB74nDK-KZf4hvfhUBWze9tF_F1VXwlr2aiTbMOjwhYzrKqV7zUNHDDeXB3CyYc-vrnQLTAtiTs4i6b7ymsu_AHJh45b09E6coycz7fvRRU_drgA48rWrEZ0uM7wYxQ-b2jsu1gXrd8YQIDAQAB,|S||K|,MIIEvwIBADANBgkqhkiG9w0BAQEFAASCBKkwggSlAgEAAoIBAQDWqGSNqvEL_Oyx_wSIy15IlFXclX5ubOxuqhUaEtQ6YJ1aBuYDI9L6oYU4Jg7JrJEr5wTQLM_raoW9fRatFRW1xLz-zJRGlMJyDXMKwqeplCpRgq5OdD6BDh1Y7QZS7sW5TzRdQEATvSq4utnMsi5hl1Bc1DACeaUDui1hNphkDyWvzAGpjsv1cbnS8FxVIPfXAdYsClq90HvicMr4pl_iG9-FQFbN720X8XVVfCWvZqJNsw6PCFjOsqpXvNQ0cMN5cHcLJhz6-udAtMC2JOziLpvvKay78AcmHjlvT0TpyjJzPt-9FFT92uADjytasRnS4zvBjFD5vaOy7WBet3xhAgMBAAECggEAK48iUIk2vvsFQR2B2wyBxnKrdca0UE40MES9YXweqvX-GE28ETkM0CVEtl8qswwcrW8E0AW374q_NvOSTW8w56DTxVTYZfY7-w71oGJdyZCygbXmDy-Rm3i0xd3bYaroXrFO6_lkx1yktbXdCqfBt7YP7bZ1Q5tRvA7ktIxyoiL9RM13lydJyYKP8WowPoqlsKrzI4Opyin3xVnRXsJB2HSkZIetDByA1QHsLafZ8KHGP2FNtbs05pJquj5IZPsqe1IOowTFeaBFfQu9qEtoNopO6nUUGuMiB5BGcVfQSace176cV4YSyhh123i7mnauU-J2fi9MuLnwD8w0MBVkQQKBgQD_HR2cuyNubIwXWo7qwgrppXUyPVRibj61pciHy7tWRqAkJRlGPmWGshHVahX-cSw4aEwyJWCUiuQGnRwTis-DJwGQbdu4ZPEfwvG3I9DMEVrcQ4j3CzkkP_B9pjThd6E_8_Y2L8-l1QagZARq8MO2gsRRIm1WSEZtaevIoWhqKQKBgQDXZ0w7r9J3mkDebt5rHKVJeeVsT8BvlZ-O7UK-3LFuYmYjB_z-RxeKFiCWoU6PpLfnZnqSIMJC2rLMhn_6QJL_ZzFwEvl_KX6pEiIUBf9_UBhiRqn1O9h_Z2oUr_o6wzs0nz-m36ETfCfZrcZ7SOioFK6gYf0GW6NusQaZD-q3eQKBgQDi4FbUas0AyAHyRvPwrO6diSrnqgkgnGCilLP4qGOLP7XtTxziDl2l4zje7cBvjuA_remNcxYoJDjT9ObiLkGLpqXKdxi_LO4PTARA1dY7lXeTiXAGG_IOXdqXM7e1h_lcca7V08E7_m4tN6WCIWo8JqFGcnKAGDih11_8BidguQKBgQCzgkptk2D6e3qD5DFHYl_8k7E2SmA8nZyTJ_bvyEu1ihtEJmwYHHbphPczkMo_uy3nkeejz9kUjd1jxNLyYs4eOolgtO9nodUEYTA1L6p1FvK7M9h_npgV1MD67IzEW98DQ5NwJf2-l0E-jytRorkBGftNfVu36LaSkMTG2hTpQQKBgQDUHuZ1e7wWWf4p8i55G91EFZrGGa5bGGWcw9rcZrEYzIMvS7PKK6GCi2-cyW12YFVJE93G0QUF6-3qvT2XdibnoKxzYwsW47JkqvYg-LFYZiQll_xoeSBpwOsUSk160nU3x79kDEfbTfhwQSQJUqgVV20Egv57Yf_d-X92ABytFA,|S|cre,1532408799920,timestamp,1532408893000,dex.time.2,1532408898000,dex.time.3,1532408899000,timestamp,1532408795000,dex.time.2,1532408804000,dex.time.3,1532408805000,timestamp,1532408778000,dex.time.2,1532408783000,dex.time.3,1532408783000,timestamp,1532408830000,dex.time.2,1532408838000,dex.time.3,1532408840000,timestamp,1532409071000,dex.time.2,1532409081000,dex.time.3,1532409082000,timestamp,1532412359000,dex.time.2,1532412364000,dex.time.3,1532412365000,timestamp,1532408854000,dex.time.2,1532408862000,dex.time.3,1532408863000,has_been_opened,true,analytics_launched,true,|S||P|,MIIBIjANBgkqhkiG9w0BAQEFAAOCAQ8AMIIBCgKCAQEAoGk9nME21p714oKjoohtOkgR8-aarcMvyWjQgO303Ek8Up1kLyX9CbTcJv2yG5TtUVdSQWa3xYLIBWkq02aQppdlbxntH0nC9EW_YZNJFZcSYWdY7X_8LdjmIruoidc-p4ODP48WcmWhFr3z99lYLhI0w1U6kJnb85mHsiAT7ZDTtDd3aOuF8njn2u5O_a7qkixHm8yNDvJmGF8YUzKNJR-aKovifsv0iPPS2E_LuqJFN3imqFG-yWrhM5Evv66vAvVzaF7GMWLn9KgQsGYu1Wtd4uMumPBQk0VDGG7pMBOuE0h6iGannjMhZeaG2WU_sQxgjvmFFelTZ3oemJnFQwIDAQAB,|S||K|,MIIEvQIBADANBgkqhkiG9w0BAQEFAASCBKcwggSjAgEAAoIBAQCgaT2cwTbWnvXigqOiiG06SBHz5pqtwy_JaNCA7fTcSTxSnWQvJf0JtNwm_bIblO1RV1JBZrfFgsgFaSrTZpCml2VvGe0fScL0Rb9hk0kVlxJhZ1jtf_wt2OYiu6iJ1z6ng4M_jxZyZaEWvfP32VguEjTDVTqQmdvzmYeyIBPtkNO0N3do64XyeOfa7k79ruqSLEebzI0O8mYYXxhTMo0lH5oqi-J-y_SI89LYT8u6okU3eKaoUb7JauEzkS-_rq8C9XNoXsYxYuf0qBCwZi7Va13i4y6Y8FCTRUMYbukwE64TSHqIZqeeMyFl5obZZT-xDGCO-YUV6VNneh6YmcVDAgMBAAECggEAFMzQsmzTYY0HMTHjagXqs-34dfnnALUYkzNGJhG0-IN-kO_bt8ljQEj1axDmcXEkPLHn9pcNKU1GBn2Wkgbwpslm27su5im4X9hTcqGYjnYiagLuow0_c-p2HPbcadNBSpNhB3LUZE0NUFedNPw31PGDafi5OVraDIJR-CT0sI8sZTERMvzH9eEkhXPPHdWBWV8_9_ovAIwj995hKlMzaw7vDLswEOJTMYvb3Tr92829X6vmBjQhWXDGsHSmZowgGgato9_ttnfyA9hEMEwcgjYZSNri5AlXJ2oYwTX4AQGzc9M96xb40J_ResTLR_1bcFlgPHHeCblMv-3clkLL4QKBgQDVO1J4fsfJrFQmM64UtOMNdqUKGYHmknmpOyr7_ZZn-bCZxBUfyvWCFadK1M7fV14eLPDSDMQghqmdjJQSGmZWVayxsisqe9ABnmkwensUYGIB3yy0zCOoM2RO9WVHtoJGLW_MOikwikL5GkYf9kv-7ctXA8hIULq12L_lzvaJGQKBgQDAlcUsGZ3kj51dI6f1yp1_CBwi9lPWyMX2SBNdM62vfqCk1MYGXEiOpqj4xJPPFSJ_ceFe0Rw9_rrA37QRUZSK3DHupCPGaggCmagCmJkUXLzbmBoi1QvxrOZuZ2YjKaA2oMeT6Ae5udiYw3RbqDc21JTToDdeSADuncV5EfSguwKBgF2Pjfw5BMjEyJeKjZOgWxAJQxlPX-Qf2SocQBwZhOlScd7GXs54a4kMnz8CaVMuLqnm5jQETfpHnBz5Fe9rjgPLy96cYrxdX0OWkmknFOI3-EkB98fM2shu5FCQ9EOnHTpVrXxa-L_HquNKWAKmO2o8RMCFdFfmtEYeOPVI_nvhAoGAbZsPy8iMj0-ZPTAU4JO_TVQdR1ywXJaJ7GAa_TlzSWUlIoqiZW5SMTXzBxpCEWKy7puuq5sRmssGGM14mz617s3hcTNj1QH1qx0ufMPCo88gAU6w2VAtaw9_Wiho_ewr7ctVqv0soGyANHlRGPVE72TPix4tRPBv715FzGEGvA8CgYEAjQaWM1fSSKBxtCReSM454wAqINhcU-OH4PgrUGLYJR8EuemzzNqIQDlM3aqAYf3g0XmJq1m24RC6YiZ37SqNHyNrKn8nJP7ZSyPTCknOXLF3k0zRVI_Z16MMN5ygL1cBTHkiU7EUaMISrKJZOd9USWGIztQ77QG3s5ci6q0z6ts,|S|cre,1532408868516,timestamp,1532409070000,dex.time.2,1532409077000,dex.time.3,1532409078000,|S||P|,MIIBIjANBgkqhkiG9w0BAQEFAAOCAQ8AMIIBCgKCAQEAyvFjPx88xJpG3vLc3_AtZZ348Yc0G0FTvyk4TOX6cErIwzCqOZzbtmUCxbUc6IHEDJUhrkYgsUtFHVUl7wyeMC4Hgcw7bl0N9GHzzqWnJ1Qy_wLJz0_zBGPsxiCQgs6q_k8GWw46gZoFsWDFX5FEHWk7Abn82tv-68_1_-3HloA4pqC1btBGmf6xXy6Ghyn35D7V27MB6h4gTjYwZ35imgUMFlu_f0i3AVobFcND26bl2zwri-tSWdxPMfuLb3lM4GDtP6Lwc9Ck7lPl68yM0Cy1Qo5WhMsktbQJW0lw0-kT0icB_IPi2ERsPaptfa9UzAZ72Aj2aAZcPkOmC9ECAwIDAQAB,|S|cre,1532409082405,|S||K|,MIIEvgIBADANBgkqhkiG9w0BAQEFAASCBKgwggSkAgEAAoIBAQDK8WM_HzzEmkbe8tzf8C1lnfjxhzQbQVO_KThM5fpwSsjDMKo5nNu2ZQLFtRzogcQMlSGuRiCxS0UdVSXvDJ4wLgeBzDtuXQ30YfPOpacnVDL_AsnPT_MEY-zGIJCCzqr-TwZbDjqBmgWxYMVfkUQdaTsBufza2_7rz_X_7ceWgDimoLVu0EaZ_rFfLoaHKffkPtXbswHqHiBONjBnfmKaBQwWW79_SLcBWhsVw0PbpuXbPCuL61JZ3E8x-4tveUzgYO0_ovBz0KTuU-XrzIzQLLVCjlaEyyS1tAlbSXDT6RPSJwH8g-LYRGw9qm19r1TMBnvYCPZoBlw-Q6YL0QIDAgMBAAECggEBAJIvXzZQ4g0ctIBUoRYOhCT2riQNKFOZsyG4J339C3Fn7UXtADGP9BRmnqCb3b79-qK1qhVHHrWXaqm-dBzGEgzSm0W8P_M3xJ2NEXqBiO6jkDhxYb2b8YnwENaHDpGrHTEi64kbrrk8oW0sMACvO0mUS5TqzGE6p15l5uX7-hFF8qOeHsh6GOGVFjGB03exuF618fQ0iMLu8q2irpF3XrbnwE6vAiLz67GMikxe-_zqPKqmmHAurAMJcOs-j64kjFX-bpShOwPqHvOiJQQMbPHEC5Xih5aqNDZABnozsWIoTGUP7YhLEYUvY6vr_WFhrqY8l9KmKqYRC_t_cMF2-QECgYEA8RsrGjCDi5ki-hsnm_z8p378N-T6ykvD8BRTf_0n0VJzdB6r-awObNGVhcVJIoueKWG4wfPI3vOqV5F-mJ9B-8I6IurowtMeGSNUZVBmtqC11jmrgHphYQyI1f5AgqWUcQ2VcJhNZgc93pWJ4w8fVCMEuobz-Cn_i3NKHZeOx1ECgYEA13q1q1iKlibUNkD9eaZ6RjLFrAIM9a4aCeUAFGO2OZHN8WMmEoPC87IWbNVk3uqSd46JQJq-Cn246KJxb6-c57pbWFk9dJ3vvkJLPqHPgtBocHE7LTCJX-DvhisiHb1lmzCynH8FG8S-UR7Hr7YxKxa0HGyN0_b9TcDN_1E1BxMCgYEA7kjNhmqf9113ZftkYBPdl6Q2nP8epMPQd_t-sqV9rrBwDjkp-e0DrKRNxBFAwHV_8KH1uSm4QjBLD5Rpq2jqC2jfkBbdx35i5rE1_ZNCkAew7nG8f5NznjiHHAbVtsjyNfEY2liLVeSeTtc3mUIe0kZxq-8oOwE235knjKt2nqECgYAsly4lCSuUqvBbUdOiavr-r98MG1iHNsIYrhT4IzJAc5XEkBn-1tlvCLlvSDGZl707lHl-rwcIsL-lFIiY7iRwJ7ZjcAQxr8U_AAUGLwH8NhiGvEfcsCCdgLTQdPiYYus11DwB-p8aAfrIWrBEAlXmbspS33vyEziT8IQwg6OPlQKBgCGWbJA5Jy6AXfiIOkBio2TplPdwe53xHp6c2TnCvHIWoRkHYz2-ZTVI7elfinHBL0Y7G-l5SMkWhtuqC1nkYGLIVCW5sEcsA-_To-JP_X2_6wKvjW9AE-LOR62fUcPBtexfz9EGPNO3IgQ8s1VHkGdPtktZPikCls8h1vflQjNO,timestamp,1532408802000,dex.time.3,1532408820000,dex.time.2,1532408818000,|S||P|,MIIBIjANBgkqhkiG9w0BAQEFAAOCAQ8AMIIBCgKCAQEAmh-uSVkjmK6Jel7yKxMO2t1hvHMgzAa4RT-to73HNkVgbY-un1mGUr25YmtnsJWHDfpVEMjgUK6dVafEwf5_vdtgXhTo7ME2HftVjf_nDZsiMJ8SpBsHC-Xtr7sYiWPug98peRkK-RkZyBxmdIRzUzKRMNsbhip6vF101CN00gHRIRBDhUFGls8LG6kPongx1Iag6DNc4BF58dM8udYuflCTA1b-nL2UvgtEqj8TaDnQafN-xNq9ytcoezDsYjlX2f_qMce2lZ-xGzCAWuyDBfx1hVsZn404BkJDjC3cGXW-OxBXI-r02I1X2gJNK3BJHWjoPSERjLsZNzAee1IKEwIDAQAB,|S||K|,MIIEvgIBADANBgkqhkiG9w0BAQEFAASCBKgwggSkAgEAAoIBAQCaH65JWSOYrol6XvIrEw7a3WG8cyDMBrhFP62jvcc2RWBtj66fWYZSvblia2ewlYcN-lUQyOBQrp1Vp8TB_n-922BeFOjswTYd-1WN_-cNmyIwnxKkGwcL5e2vuxiJY-6D3yl5GQr5GRnIHGZ0hHNTMpEw2xuGKnq8XXTUI3TSAdEhEEOFQUaWzwsbqQ-ieDHUhqDoM1zgEXnx0zy51i5-UJMDVv6cvZS-C0SqPxNoOdBp837E2r3K1yh7MOxiOVfZ_-oxx7aVn7EbMIBa7IMF_HWFWxmfjTgGQkOMLdwZdb47EFcj6vTYjVfaAk0rcEkdaOg9IRGMuxk3MB57UgoTAgMBAAECggEAPVggwbcGEQ5fT-KclwJ15i05ao2UX0DJdV6cGVE_Cl3gvJr00R4L9cDoGcFQOxu47ppV42FgzxxBKUema-SFKac4mxnNf_aDOLnB2swhRewaVqnp_IF5c4Xn7gsVABJTbA-V7UpHcNBJz7lmGjhhwpqc6Yo8UVF1GqZECu-13qQWSsrtrrZKt2tBAAfeIzsZAZM3qurQFqmJ-65r5xYa42UkLJD9q6fI8nw2LzLMUuftXtOUSCF2gfnYu0OJxdd9N155xM0aVeSsgM_HIVWw5QskY1fb30zoZ6GraGCBgKpEfreyzga25MndP54c5fYk-xq7R9SJkUH3YpBmUX5XSQKBgQDM7W9AYiSlFd2LAdeOScSd5_oo1D7fX263lXs0Up7V1sKbjkqDToXrusrCF6dflRMEDBueZ7wgErnHe5av9x86sWs2B5zkwWumiekoPUheBphmQ82tlNCKoVUcAmX9_qso8Hyl5GOf-WV94kdBRsE3OX3dnnB08iP8mCMUK9l5rQKBgQDAiOu94f7o39sDIrEMaS_SVbvUUa5KRzeh372QPpsCKIBW0Edam8iKFf7MXE-m-KYN_GFXTaUzMWdDGAlwWccREaiB2GNMW4yM7Eqm8PgkEWEzEBZL987OinbngsE0fIWoSp_Es8z2kDk2UDh3F3YhFH2j6P52fO_OF_3oe32KvwKBgQDGSs3G1_CriW_ZDUw-E6VcQlbu4QmBbT-eBteztmqZcnjWuqXhTr8JbbK6gtbjB0XiObET4z7HLjd0DmOuG4qtaXXbTxyCwaJgALyKwlnfGbSn594Co6fzLM9FDhEQ6DdIowOKJmg8KMALQkQ-pq9Zt5jSNHiOwKsPxUrUPuXt9QKBgB1XwLXbr4HGPBaqPtlpXoRr1IhzOmDPocbl1noZUH5vtb-FVpqUi2egGokCuJD17DjNcfhgOQEoUliDXUzmIdSUIF5JoDiO60i-6lGu_-JfU7T4iq1hQv9vUtfNsaxSHfycAuVzkZUyPcXtS-26gaJhARTt-XoNaG68cVHxIBz5AoGBAMKLrSRU9diQent7qdMEiT8CgCw2aHfjlHW5Z6DUi4eXPghSuUT9bom3c1yMFx2OrqprATU8j1UNm21OCZoaQU0kkWsbW02pbBVuoyBKb2SPbC984l_JJelbkFqDeDR18DU0EoGilrgznwBXmGMEYrSiXlVMczmFVHiovy67vcA2,|S|cre,1532408830382,timestamp,1532409023000,dex.time.2,1532409027000,dex.time.3,1532409028000,timestamp,1534151212000,dex.time.2,1534151217000,dex.time.3,1534151217000,timestamp,1538643161000,dex.time.2,1538643165000,dex.time.3,1538643166000,|S||P|,MIIBIjANBgkqhkiG9w0BAQEFAAOCAQ8AMIIBCgKCAQEA4rgdLei-ADfKLvEfbCP2OMUjf6qKPcmMiAS8Tqe-ldrE6LilrfQxePMC4JT8vlhbAQsnIsl0fVXZGMCrYC8CyjUSSRvr9hKWIl7qV13oE4oZ0HXrGGVnFlNtPRyQZaOmBLtwCDSKBQavSng91Fkw1FfpHsGu2MCiFwhq5P8KVgwZDRtTxhy6id70iP42LBZDkjgS1UtSZZFP5KZXnplnBLbl8cVaAD_VAj4FwQ0GcaonT1TzPbIj0mX104JXzCjbNVXbla9eRWgSEIAtmpOK69aGJOjzKQQtNSak1f2Eb_v8lMd3zLiaGM6Xta834fzLZ0ijLNXaOcD6CsyOesD26QIDAQAB,|S||K|,MIIEvwIBADANBgkqhkiG9w0BAQEFAASCBKkwggSlAgEAAoIBAQDiuB0t6L4AN8ou8R9sI_Y4xSN_qoo9yYyIBLxOp76V2sTouKWt9DF48wLglPy-WFsBCyciyXR9VdkYwKtgLwLKNRJJG-v2EpYiXupXXegTihnQdesYZWcWU209HJBlo6YEu3AINIoFBq9KeD3UWTDUV-kewa7YwKIXCGrk_wpWDBkNG1PGHLqJ3vSI_jYsFkOSOBLVS1JlkU_kpleemWcEtuXxxVoAP9UCPgXBDQZxqidPVPM9siPSZfXTglfMKNs1VduVr15FaBIQgC2ak4rr1oYk6PMpBC01JqTV_YRv-_yUx3fMuJoYzpe1rzfh_MtnSKMs1do5wPoKzI56wPbpAgMBAAECggEBAIFlS2IUX7yIGuDHxYNW0wR7n1MR5mx1R7up2D-cBW5JufCI0iaCJGo_Z_j9j3KjwuzJjMCR8eZGxO0XqbfvnMwDljgbs4Rx_zYGrgDHG9lrDGippE_8L-XSH5qtXsxjpjE1OS-1rMBJnGoITmGPtgq7UdW3_S7AYsJ6j2e7GA8bLU_Z2R5TMmRV1ZBxStJUVMhjpZ4dhQcLySvMDOMW5b41N1FSEJLA_dCX1i8yhVkSJlhX9Y7eGihNXoxE7LIL2so_MN737HxOSdcJeJ49WES1NunZYxWf5p1zjdZGC_Ypb7ob3NQK0C0T1uhBZcZU2mtqD0NQ7l7dFfJmEL9FVTECgYEA-hkEkn9tmeG0YpICjL4KSUiYOqjK9N5BqotKfprNk-DyetNk2L2YgJdb8630Uerv6ymzqeHWxVKIwBl0UZZE9BnGLzENf0FzUyA2LXzjqv3MDaphPCJtEFnwr_Q-Xkov7iopCEWWsEbLRMzHPBBkOfqXofvA5TlBEsIWhAQOx08CgYEA6BHaaPUgaFwctFydBoNvD2riWy_Y6FopSiHwm7ljPWigfVyRRv89ydpZlBfo9NZJqm5MrevxbYNKGFceapSqL9VTiGC9R23Gi-06QtzKabr5Hckuddk04h-4TVnZald58MVEIITq23LE56yl2tvmJg0WqeC60jwhQaiAlHXxUEcCgYEAtE31Dejwi1A9TBMX43_eypabqS6no4HYtatWOZBBRauXJRXiTp_holN852EyExzdexzFemRnAjtOe6_ePDOp4pHyX3Nt16DIE9XVOVYgjNYMlo2PLFtlZbRx4WikzjWN-JZMnroMuWlQgnlf6d2nZGVVjGKD3r44O93RfbuvK-ECgYEAjsWFCDNeR7X7lt6vYDV2GxcXwR_To0bsxgXRYAySyFHZAqbzXalj2w4xNBHtqMs4sNiA5jMU6dnuuMDIHqvtc9YbOPjDGfGoR6efw0jQYnG8Fx4RLkF97muzWCshvfGpPH4wJo1_a5jVGO63bskAc4Jz4fk3FmYV064VxMA2wLsCgYBvIDaGCi4ff-et7kXfTc7qgwAC9SvnP4tcCuBFI2GAdrxwpWPKZ18g23qfqQaZehPdn35nj2pRPv9OK7GFzQNUfNRIg8awQp02QNVz_q4KTBunGQ0Ga8Qw-OfnwbvDVDZwjgfAaCvhL-HsKV50XhfEjgBrzRtljRwak64oH6yslw,timestamp,1551758463000,dex.time.2,1551758468000,dex.time.3,1551758469000,|S||P|,MIIBIjANBgkqhkiG9w0BAQEFAAOCAQ8AMIIBCgKCAQEA5V_V8a1nZtBTV04OPLVTlcHIBaYlL__3MvJC249TpuX5TmPIf5y-UPrjCrvAJ22Bkx0tpjEQaMzTiH0dX5yH1ddte-brzFp6ref3BMnKOcOFUGYRzTWvHoYJrd7hjJ59ElmAfWd4NhAoqvFkhc9j7iu6YTNH3wX68U5Ij2rCaJhGooHpO_T2QWRSApwh6RzKaf3ZQMo0ku8RoOmwsYKJlZ3l2JA4zBYdf4N__vXvQ1TSVVpZdDFbQwFwFCjJNNNKnqvmFu5muKReMf9H1BFvr6eUX4i4UxpIosTeJ1MIFQ3cS8ovAm54lZ3MSjsKfh-tYSRXdnYDGHXUysVQOAgAxQIDAQAB,|S||K|,MIIEvgIBADANBgkqhkiG9w0BAQEFAASCBKgwggSkAgEAAoIBAQDlX9XxrWdm0FNXTg48tVOVwcgFpiUv__cy8kLbj1Om5flOY8h_nL5Q-uMKu8AnbYGTHS2mMRBozNOIfR1fnIfV12175uvMWnqt5_cEyco5w4VQZhHNNa8ehgmt3uGMnn0SWYB9Z3g2ECiq8WSFz2PuK7phM0ffBfrxTkiPasJomEaigek79PZBZFICnCHpHMpp_dlAyjSS7xGg6bCxgomVneXYkDjMFh1_g3_-9e9DVNJVWll0MVtDAXAUKMk000qeq-YW7ma4pF4x_0fUEW-vp5RfiLhTGkiixN4nUwgVDdxLyi8CbniVncxKOwp-H61hJFd2dgMYddTKxVA4CADFAgMBAAECggEBAJXiVwJTBpOHpD4TkngXISRl-Ve_puNDxvvylL-2W7pe4tdXmufQvAhcuUoFP95Dz30bfv3vZ8KjvcKdxzj4J0cUO8XQMttZcHr9bkwhtFSksBPGbvGCmAlBG0gTsZ1a323DMJRBrareSkTR8pcB21ICHwtvIBLbbIyMVBvrblg7lFsrJGW1vPBstQoU0xCrOhSWLcUcsBYlXP1ymEmkTF7SEhLcFMQ66AhZnV79xD-0f1em9iMCNnuEX0A5p6FqlPZ0ug6c2gKGJjLMn-zMA_qAsW2sxn3uoIQQML9Z-j-FQo-MRt2Ewxd-9I4hHBu2A9k_jNBUUi0jBcjQWW4dDaECgYEA-3myCN86jqoY6cEK5qgnawHU9CBWM5Wg8dsuLpK8IoCvwtJqnsP7R1lAvs7zopuznN6L87fI9oLz_uohpiP8_MQyui1Obju-XeR-0KqYMUjNUKH-zIr86maiNxB-1-Nu1yHzfc255HGgLUbr1WW2yAboLXpr5G8ohX-T7V98EnkCgYEA6YBXmvd1Bzi9VGex097UtJX9eFQqHGMFYRZPV12Od9lMgl1YKIdsHYXm5rNgbLkUmrWgE5nXisnmGnntjYMn1tpQU_lRNAZSTxWumRJW_gFw3sFC_8wTyfmWCaLfcN7u12qV2S5Ghf7bMdDOCY3TRhcEn60vcr4Y_gtRs2Niba0CgYA-NjQCF99vrcruATDGMTFXOqPJJTrOFiUz0ApTwT9DtdxFcTKpRkiitQTcb2w8fRJpK3EqAPx5Z5ofJSLf7CVJDuyRvGWbxbHpnn509s8h2iXY3cqgJX4-KtfUkYMfu4cPN7n6FGv5hNagfNwY9cnLIFJN9ew9HfbDV_VrkuSp2QKBgQDKAkjIPrG2T7YsYZGNFMi8es7Q3S-ZY2lx9xUpJj1tHkd8uTjdx1sXp5J9oE4ZgX174wncK0o4PjeeTEHiHcfHrxOzsow4EAgBd2aX8y_jjGeTr2tBVdMA97aAG7JnOdcz8ng1bj2BC12jGVxHE7Xme196rR_RivigQDaslZy_-QKBgE6cuHLYxtE37DZqLgI7TP8gA-gh9LIFvsVwOehsrbwYSzSQipZ6qJ-KzDqOCxzFUEiDZ5jON9Exz4xjkJkiqo7zy5qe1rnSFP2HD6JBbfp042vZ7_1ZRIO6WM1VvVANQ-RKXaG1m-JpSaLmwV0uRS3QbIg7RY_ZLxP1vJmzNbKJ,|S|cre,1551758473485,timestamp,1558089244000,dex.time.2,1558089263000,dex.time.3,1558089264000,|S||P|,MIIBIjANBgkqhkiG9w0BAQEFAAOCAQ8AMIIBCgKCAQEA6gmr58kEcFqU4gvROWgOJf2AxF8gvMHwI3bjoJZKwIxXKZYRUK8d0IHJLZrz4Yk4Zan1jvhMKOQRrSShxH4FzpeMjb6YTGkb47TMvIlJ_RbYslau3IQWrPT7pkBPZyoSEKqq_TfMNUdpPTPW0F878yUS2DWThfrLKeudOjTPMY1xOGDfEKjh3N2vhTzUt1fbdlE_VNGrhDBBQtLolTtl_arbSvKk_xGWO6_IyLyXNdtrezLE63W-l9VYV-P3MA5fU2OJwxl1wBgrTTQhD_U6UKTlDXPgtrmQpwDr1-4rBwmHVVQFJsaEMi4PwRDwAnj8RG2c9MylGpyMgZ22BoSc1wIDAQAB,|S||K|,MIIEvAIBADANBgkqhkiG9w0BAQEFAASCBKYwggSiAgEAAoIBAQDqCavnyQRwWpTiC9E5aA4l_YDEXyC8wfAjduOglkrAjFcplhFQrx3QgcktmvPhiThlqfWO-Ewo5BGtJKHEfgXOl4yNvphMaRvjtMy8iUn9FtiyVq7chBas9PumQE9nKhIQqqr9N8w1R2k9M9bQXzvzJRLYNZOF-ssp6506NM8xjXE4YN8QqOHc3a-FPNS3V9t2UT9U0auEMEFC0uiVO2X9qttK8qT_EZY7r8jIvJc122t7MsTrdb6X1VhX4_cwDl9TY4nDGXXAGCtNNCEP9TpQpOUNc-C2uZCnAOvX7isHCYdVVAUmxoQyLg_BEPACePxEbZz0zKUanIyBnbYGhJzXAgMBAAECggEAcbpnbggx_wMVjE8fydy122I3-7UabH912VYBwVynULAh_xRsr5-ZRmR7RY0h7DxJSqXvrR0drVU-_btqXNi8q6rbY1n2GlONePa38vpoGPPMM8WJzaDmf__AdgaUT1aTVsQIuWou8skT6-jP_4v3zuz6HlTSrm2z4lgbnFhjQvlBqKiKWowAPXsogrzN67kk9qF50Ou01nPeEFxj4xKPVBFhFKWQGxev0LR1y_6a20xYzcK4ViBPpc-Ha8msbo_V2D57wx0-9duFRvCXN5fqO9gnED4EqN7Kr86gP57rmW7_-w9gFtS_zrIMN2wuQXRiaCGkiHKvV10KW8-HmVAUWQKBgQD_oPJXc98gAfkcxkSs6iXONvU7KpJsMpZPpSrIPI1qPAED_JqhN7wNSH5sTchI-6xX9R2qvGe4K44NpN4VSsSELbVuieZR7dIRTngqvzocILBHA36EsWhw4PM3Z8rmYMQzudmVtphpHnoE98bnF_kbJytMXAW528C9ML3LyUEeZQKBgQDqYLJLK7d2ptEScgPQXw1oNEVaMnt1B8Eu7FNDOr-6o-AXWybixo5Z8jOuKcdrj3AZLIWjuw4TPDkqmWt4adcSbUaaeZ6lNQnHsaFxLmv9LOfmui8yX-HeIpC7GZQcJBdyqthKdbIdp1q6UVpCTBrm01I1opkmV_3jEUqjU1TsiwKBgB_DELl7BTtF430GyZuukDn6LChI1t6ovnJw9Eri8zNC92FWbqQfd7cyzbqJQ5yF4Nkg9Km1NTH1_3WEia-dlaNSxptQeRSu9w39cQLmtcKu8Rgxv_Oe03pLCQ1WUSik11wR-I4YnQFarxCU9Nrb6LDOAhw_xtpcCqu3Na3veK7dAoGAG_Z7byKBGgPfD89Qiyy8AcGywIcjWZwaPUnuySeaNl9U3hR--DFuTGbsKYxMgZW0bxxzuUwY6syVmXKCcvRVt5oYAVgfSGCikROtSj6anbMc29c8yErOPN1s3RW5KP5ZWdHuSjvui0ErPu1z0lMYJo_xz_pdQUjgPpYSjJflmu8CgYBrJ1V-8lPiMtOEdMr_zCN5RR6hb4FWgRp7Bn4jAL7T6ZV7kRCQBdSO57FTUXVW3cubi7YTQ9wxh4aNnO-U9spjPOtQrik7a-MxrBX99pHNr_2jFb5AYRADOhKAiX7Vx0UNASBjMdX05OVuRQcU03y_mdqaUISgTRAGqpaOEMuizg,|S|cre,1558089273059,timestamp,1564773840000,dex.time.2,1564773850000,dex.time.3,1564773850000,timestamp,1564876523000,dex.time.2,1564876538000,dex.time.3,1564876539000,|S||P|,MIIBIjANBgkqhkiG9w0BAQEFAAOCAQ8AMIIBCgKCAQEAzC1suQIw9H6YB2d-l3qVsM3PdsxshROt8b5FaEe1idh8sj-YG5gWawmUr6LeYVzBwSsZpDUD9kXyspdINZVFUT27dvD90QKCCgi2mWpooo7vDD_X8XWFU4w6K9txaReljlUK2J7P0a8AQmWkUrG038qb87Z2HYr6UyV5hpnTcdQsc8FBIimRFqhOIeojhcGGawTCcMH4MkTLJW5nb8ALO0_on1mzM8doYubLg9JTA8kv_l7fClw-sfvzsclygHSEjhcOg149ZtqdNePFO3tVeBsbduNALX1MeeFdE_xXGiVgJXWQGvoseLWinL-RG0NL4lYXzUqFBibukxJ0DWm_oQIDAQAB,|S||K|,MIIEvQIBADANBgkqhkiG9w0BAQEFAASCBKcwggSjAgEAAoIBAQDMLWy5AjD0fpgHZ36XepWwzc92zGyFE63xvkVoR7WJ2HyyP5gbmBZrCZSvot5hXMHBKxmkNQP2RfKyl0g1lUVRPbt28P3RAoIKCLaZamiiju8MP9fxdYVTjDor23FpF6WOVQrYns_RrwBCZaRSsbTfypvztnYdivpTJXmGmdNx1CxzwUEiKZEWqE4h6iOFwYZrBMJwwfgyRMslbmdvwAs7T-ifWbMzx2hi5suD0lMDyS_-Xt8KXD6x-_OxyXKAdISOFw6DXj1m2p0148U7e1V4Gxt240AtfUx54V0T_FcaJWAldZAa-ix4taKcv5EbQ0viVhfNSoUGJu6TEnQNab-hAgMBAAECggEAbQ5yPRuDhIQ9te68ujI61DYJ8z1bVXVeenoT3pA20gr1B8xZ9Zs1ljSG241V1JFT2FaqGoBKvnc8G9IcOqqhXLRpdi1glQwO40cmKSmh-_n2iwdq00jfTvHefGB44hZEUpLv-SZSgIBF1jEuJRFQOByjUfiKfFsoO9MPZyqwuuIRSaqi30X5of5V9cTW8U_H-YHpCxqnfttskE7TGTk5wikpcNfPpEk-oggiLP8Dy1Epw9ryUVPwf1pWt5IiJsR_xHpgmLbQREuUWz9013zAu4FEj7nUhq5y6Es-vhpj7HR34q8RbiKdYOvwqcbZ39Mf9_tWGWsjkmklbyQjs3ZRcQKBgQD4k71fGWidmgpfRkuFpcqWM1-deNJK49CfKn4aWVodCEJSfDX9hRkjbR1hikrKNvH9w3witmHXpDj8KkVl_qrA8gUItCWVuiyoY557c9HE6rRLDii8N0ROvVdJlTMOCUd17XbjwPk3f58mULKJWG4YnYLSoyMnXeJhiMor3DmqfQKBgQDSRkT7Qhry1C24EPp83J3-HEPhr8OaXmWyIQQQ2vQqc0zsC74acYc7XPTUxr6xP0zqtrVRtM-VtcjU5P6oSXxuEvuOTZkyfIIhcNK2BCzSM5DV4wKqg3LkocsxZ2Pm2aYmIo9fSHz6edepF74quIGrgUvV7puNJxxWKNU3dH3O9QKBgEG8OCEVBBBhcwq8-S3PqSJNVaS8FciONFZTE2P-axEwZPGRPWncr8gpi9KGkr6lBxuXfZVka71uBU_SEeYmEZvSpLgng6TzxemF5pw5BakwdBtBFE6pwtubwKCJ3yWAGLC76mvSVVVy33BveLdPdlX2GWmAkMRRVJN8bBJrO6i1AoGAIjIvUbVEcK006jRIqDmwr_ykxXUyGE61tyxLXvpcrvKlVdXrCp3f4jWR03Cm3mhu99TS1ADVqYEwsf6zs2aQB86qfk_8VAuPliSk_9jZ-S1NppsOefB6pNfzFYu84XQP4y_HpTVCrfFWszcbRBNRczTJwnbVcTUlFJX7ZtNZCmkCgYEA18dRVdyvCmGBOUxOSc0h4H6oQrRrEUW_8fIPSkIso-EhFzrTnPOnI0hCEXPS1c3hHLP0xaBp19Vrn7YclwqH9CgC4VTPNaTapo1bilVhPaEd0pIznewEJ069LdzYuzatygDFab8oMoMu83TN28ic9w9U_m0bKnaH0wMpTH9e_ZY,|S|cre,1564876544574,timestamp,1599265294000,dex.time.2,1599265301000,dex.time.3,1599265302000,/data/data/com.truecaller/code_cache/secondary-dexes/tmp-com.truecaller-1.apk.classes194705067.zip,/data/data/com.truecaller/code_cache/secondary-dexes/com.truecaller-1.apk.classes2.zip,/data/data/com.truecaller/code_cache/secondary-dexes/tmp-com.truecaller-1.apk.classes-1094918737.zip,/data/data/com.truecaller/code_cache/secondary-dexes/com.truecaller-1.apk.classes3.zip,/data/data/com.truecaller/code_cache/secondary-dexes/tmp-com.truecaller-1.apk.classes214637033.zip,/data/data/com.truecaller/code_cache/secondary-dexes/com.truecaller-1.apk.classes2.zip,/data/data/com.truecaller/code_cache/secondary-dexes/tmp-com.truecaller-1.apk.classes1232765571.zip,/data/data/com.truecaller/code_cache/secondary-dexes/com.truecaller-1.apk.classes3.zip,/data/data/com.truecaller/code_cache/secondary-dexes/tmp-com.truecaller-1.apk.classes-1379484929.zip,/data/data/com.truecaller/code_cache/secondary-dexes/com.truecaller-1.apk.classes2.zip,/data/data/com.truecaller/code_cache/secondary-dexes/tmp-com.truecaller-1.apk.classes1894042500.zip,/data/data/com.truecaller/code_cache/secondary-dexes/com.truecaller-1.apk.classes3.zip,/data/data/com.truecaller/code_cache/secondary-dexes/tmp-com.truecaller-1.apk.classes1904869600.zip,/data/data/com.truecaller/code_cache/secondary-dexes/com.truecaller-1.apk.classes2.zip,/data/data/com.truecaller/code_cache/secondary-dexes/tmp-com.truecaller-1.apk.classes-679536950.zip,/data/data/com.truecaller/code_cache/secondary-dexes/com.truecaller-1.apk.classes3.zip,/data/data/com.truecaller/code_cache/secondary-dexes/tmp-com.truecaller-1.apk.classes935271723.zip,/data/data/com.truecaller/code_cache/secondary-dexes/com.truecaller-1.apk.classes2.zip,/data/data/com.truecaller/code_cache/secondary-dexes/tmp-com.truecaller-1.apk.classes1673671983.zip,/data/data/com.truecaller/code_cache/secondary-dexes/com.truecaller-1.apk.classes3.zip,/data/data/com.truecaller/code_cache/secondary-dexes/tmp-com.truecaller-1.apk.classes1283498482.zip,/data/data/com.truecaller/code_cache/secondary-dexes/com.truecaller-1.apk.classes2.zip,/data/data/com.truecaller/code_cache/secondary-dexes/tmp-com.truecaller-1.apk.classes-1013783788.zip,/data/data/com.truecaller/code_cache/secondary-dexes/com.truecaller-1.apk.classes3.zip,/data/data/com.truecaller/code_cache/secondary-dexes/tmp-com.truecaller-1.apk.classes398416715.zip,/data/data/com.truecaller/code_cache/secondary-dexes/com.truecaller-1.apk.classes2.zip,/data/data/com.truecaller/code_cache/secondary-dexes/tmp-com.truecaller-1.apk.classes1439476609.zip,/data/data/com.truecaller/code_cache/secondary-dexes/com.truecaller-1.apk.classes3.zip,/data/data/com.truecaller/code_cache/secondary-dexes/tmp-com.truecaller-1.apk.classes788621096.zip,/data/data/com.truecaller/code_cache/secondary-dexes/com.truecaller-1.apk.classes2.zip,/data/data/com.truecaller/code_cache/secondary-dexes/tmp-com.truecaller-1.apk.classes276505048.zip,/data/data/com.truecaller/code_cache/secondary-dexes/com.truecaller-1.apk.classes3.zip,/data/data/com.truecaller/code_cache/secondary-dexes/tmp-com.truecaller-1.apk.classes-49872640.zip,/data/data/com.truecaller/code_cache/secondary-dexes/com.truecaller-1.apk.classes2.zip,/data/data/com.truecaller/code_cache/secondary-dexes/tmp-com.truecaller-1.apk.classes-2135818267.zip,/data/data/com.truecaller/code_cache/secondary-dexes/com.truecaller-1.apk.classes3.zip,/data/data/com.truecaller/code_cache/secondary-dexes/tmp-com.truecaller-1.apk.classes1233170115.zip,/data/data/com.truecaller/code_cache/secondary-dexes/com.truecaller-1.apk.classes2.zip,/data/data/com.truecaller/code_cache/secondary-dexes/tmp-com.truecaller-1.apk.classes-1234685942.zip,/data/data/com.truecaller/code_cache/secondary-dexes/com.truecaller-1.apk.classes3.zip,/data/data/com.truecaller/code_cache/secondary-dexes/tmp-com.truecaller-1.apk.classes-1863763824.zip,/data/data/com.truecaller/code_cache/secondary-dexes/com.truecaller-1.apk.classes2.zip,/data/data/com.truecaller/code_cache/secondary-dexes/tmp-com.truecaller-1.apk.classes-60631313.zip,/data/data/com.truecaller/code_cache/secondary-dexes/com.truecaller-1.apk.classes3.zip,/data/data/com.truecaller/code_cache/secondary-dexes/tmp-com.truecaller-1.apk.classes209398973.zip,/data/data/com.truecaller/code_cache/secondary-dexes/com.truecaller-1.apk.classes2.zip,/data/data/com.truecaller/code_cache/secondary-dexes/tmp-com.truecaller-1.apk.classes176299265.zip,/data/data/com.truecaller/code_cache/secondary-dexes/com.truecaller-1.apk.classes3.zip,/data/data/com.truecaller/code_cache/secondary-dexes/tmp-com.truecaller-1.apk.classes-216077241.zip,/data/data/com.truecaller/code_cache/secondary-dexes/com.truecaller-1.apk.classes2.zip,/data/data/com.truecaller/code_cache/secondary-dexes/tmp-com.truecaller-1.apk.classes1536298088.zip,/data/data/com.truecaller/code_cache/secondary-dexes/com.truecaller-1.apk.classes3.zip,/data/data/com.truecaller/code_cache/secondary-dexes/tmp-com.truecaller-1.apk.classes1652996747.zip,/data/data/com.truecaller/code_cache/secondary-dexes/com.truecaller-1.apk.classes2.zip,/data/data/com.truecaller/code_cache/secondary-dexes/tmp-com.truecaller-1.apk.classes600011075.zip,/data/data/com.truecaller/code_cache/secondary-dexes/com.truecaller-1.apk.classes3.zip,/data/data/com.truecaller/code_cache/secondary-dexes/tmp-com.truecaller-1.apk.classes191437054.zip,/data/data/com.truecaller/code_cache/secondary-dexes/com.truecaller-1.apk.classes2.zip,/data/data/com.truecaller/code_cache/secondary-dexes/tmp-com.truecaller-1.apk.classes1706103047.zip,/data/data/com.truecaller/code_cache/secondary-dexes/com.truecaller-1.apk.classes3.zip,/data/data/com.truecaller/code_cache/secondary-dexes/tmp-com.truecaller-1.apk.classes415836234.zip,/data/data/com.truecaller/code_cache/secondary-dexes/com.truecaller-1.apk.classes2.zip,/data/data/com.truecaller/code_cache/secondary-dexes/tmp-com.truecaller-1.apk.classes1389239615.zip,/data/data/com.truecaller/code_cache/secondary-dexes/com.truecaller-1.apk.classes3.zip,/data/data/com.truecaller/code_cache/secondary-dexes/tmp-com.truecaller-1.apk.classes-1573713886.zip,/data/data/com.truecaller/code_cache/secondary-dexes/tmp-com.truecaller-1.apk.classes1569208693.zip,/data/data/com.truecaller/shared_prefs/multidex.version.xml,/data/data/com.truecaller/shared_prefs/com.google.android.gms.measurement.prefs.xml,/data/data/com.truecaller/shared_prefs/com.crashlytics.sdk.android:answers:settings.xml,/data/data/com.truecaller/shared_prefs/TwitterAdvertisingInfoPreferences.xml,/data/data/com.truecaller/shared_prefs/com.crashlytics.prefs.xml,/data/data/com.truecaller/files/.Fabric/com.crashlytics.sdk.android.crashlytics-core/56849AFF01AD-0001-3CAC-724BAD1345B8BeginSession.cls_temp,/data/data/com.truecaller/shared_prefs/tc.settings.xml,/data/data/com.truecaller/files/.Fabric/com.crashlytics.sdk.android.crashlytics-core/56849AFF01AD-0001-3CAC-724BAD1345B8BeginSession.json,/data/data/com.truecaller/files/.Fabric/com.crashlytics.sdk.android.crashlytics-core/56849AFF01AD-0001-3CAC-724BAD1345B8SessionApp.cls_temp,/data/data/com.truecaller/files/.Fabric/com.crashlytics.sdk.android.crashlytics-core/56849AFF01AD-0001-3CAC-724BAD1345B8SessionApp.json,/data/data/com.truecaller/files/.Fabric/com.crashlytics.sdk.android.crashlytics-core/56849AFF01AD-0001-3CAC-724BAD1345B8SessionOS.cls_temp,/data/data/com.truecaller/files/.Fabric/com.crashlytics.sdk.android:answers/session_analytics.tap.tmp,/data/data/com.truecaller/files/.Fabric/com.crashlytics.sdk.android.crashlytics-core/56849AFF01AD-0001-3CAC-724BAD1345B8SessionOS.json,/data/data/com.truecaller/files/.Fabric/com.crashlytics.sdk.android:answers/session_analytics.tap,/data/data/com.truecaller/files/.Fabric/com.crashlytics.sdk.android.crashlytics-core/56849AFF01AD-0001-3CAC-724BAD1345B8SessionDevice.cls_temp,/data/data/com.truecaller/files/.Fabric/com.crashlytics.sdk.android.crashlytics-core/56849AFF01AD-0001-3CAC-724BAD1345B8SessionDevice.json,/data/data/com.truecaller/files/.Fabric/com.crashlytics.sdk.android:answers/session_analytics_to_send/sa_9c4171d9-cfbf-46ef-a8e8-31fe1bac337a_1451531009092.tap,/data/data/com.truecaller/files/.Fabric/com.crashlytics.sdk.android.crashlytics-core/56849AFF01AD-0001-3CAC-724BAD1345B8keys.meta,/data/data/com.truecaller/files/logs/debug.log,/data/data/com.truecaller/no_backup/com.google.InstanceId.properties,/data/data/com.truecaller/shared_prefs/com.google.android.gms.appid.xml,/data/data/com.truecaller/files/.Fabric/com.crashlytics.sdk.android.crashlytics-core/56849AFF01AD-0001-3CAC-724BAD1345B8user.meta,/data/data/com.truecaller/shared_prefs/com.truecaller_preferences.xml,/data/data/com.truecaller/shared_prefs/com.facebook.sdk.appEventPreferences.xml,/data/data/com.truecaller/shared_prefs/com.facebook.sdk.attributionTracking.xml,/data/data/com.truecaller/files/persisted_config,/data/data/com.truecaller/cache/disklru/journal.tmp,/data/data/com.truecaller/files/events-v2.queue.tmp,/data/data/com.truecaller/files/AppEventsLogger.persistedevents,/data/data/com.truecaller/files/.Fabric/com.crashlytics.sdk.android.crashlytics-core/56849AFF01AD-0001-3CAC-724BAD1345B8SessionEvent0000000000.cls_temp,/data/data/com.truecaller/files/.Fabric/com.crashlytics.sdk.android.crashlytics-core/56849AFF01AD-0001-3CAC-724BAD1345B8SessionEvent0000000001.cls_temp,/data/data/com.truecaller/files/.Fabric/com.crashlytics.sdk.android.crashlytics-core/56849AFF01AD-0001-3CAC-724BAD1345B8SessionEvent0000000002.cls_temp,/data/data/com.truecaller/files/.Fabric/com.crashlytics.sdk.android.crashlytics-core/56849AFF01AD-0001-3CAC-724BAD1345B8SessionEvent0000000003.cls_temp,/data/data/com.truecaller/files/.Fabric/com.crashlytics.sdk.android.crashlytics-core/56849AFF01AD-0001-3CAC-724BAD1345B8SessionEvent0000000004.cls_temp,/data/data/com.truecaller/files/.Fabric/com.crashlytics.sdk.android.crashlytics-core/56849AFF01AD-0001-3CAC-724BAD1345B8SessionEvent0000000005.cls_temp,/data/data/com.truecaller/files/.Fabric/com.crashlytics.sdk.android.crashlytics-core/56849AFF01AD-0001-3CAC-724BAD1345B8SessionEvent0000000006.cls_temp,/data/data/com.truecaller/files/.Fabric/com.crashlytics.sdk.android.crashlytics-core/56849AFF01AD-0001-3CAC-724BAD1345B8SessionEvent0000000007.cls_temp,/data/data/com.truecaller/code_cache/secondary-dexes/tmp-com.truecaller-1.apk.classes194705067.zip,/data/data/com.truecaller/code_cache/secondary-dexes/tmp-com.truecaller-1.apk.classes-1094918737.zip,/data/data/com.truecaller/no_backup/com.google.android.gms.appid-no-backup,/data/data/com.truecaller/no_backup/com.google.InstanceId.properties,/data/data/com.truecaller/code_cache/secondary-dexes/tmp-com.truecaller-1.apk.classes214637033.zip,/data/data/com.truecaller/code_cache/secondary-dexes/tmp-com.truecaller-1.apk.classes1232765571.zip,/data/data/com.truecaller/code_cache/secondary-dexes/tmp-com.truecaller-1.apk.classes-1379484929.zip,/data/data/com.truecaller/code_cache/secondary-dexes/tmp-com.truecaller-1.apk.classes1894042500.zip,/data/data/com.truecaller/code_cache/secondary-dexes/tmp-com.truecaller-1.apk.classes1904869600.zip,/data/data/com.truecaller/code_cache/secondary-dexes/tmp-com.truecaller-1.apk.classes-679536950.zip,/data/data/com.truecaller/code_cache/secondary-dexes/tmp-com.truecaller-1.apk.classes935271723.zip,/data/data/com.truecaller/code_cache/secondary-dexes/tmp-com.truecaller-1.apk.classes1673671983.zip,/data/data/com.truecaller/code_cache/secondary-dexes/tmp-com.truecaller-1.apk.classes1283498482.zip,/data/data/com.truecaller/code_cache/secondary-dexes/tmp-com.truecaller-1.apk.classes-1013783788.zip,/data/data/com.truecaller/code_cache/secondary-dexes/tmp-com.truecaller-1.apk.classes398416715.zip,/data/data/com.truecaller/code_cache/secondary-dexes/tmp-com.truecaller-1.apk.classes1439476609.zip,/data/data/com.truecaller/code_cache/secondary-dexes/tmp-com.truecaller-1.apk.classes788621096.zip,/data/data/com.truecaller/code_cache/secondary-dexes/tmp-com.truecaller-1.apk.classes276505048.zip,/data/data/com.truecaller/code_cache/secondary-dexes/tmp-com.truecaller-1.apk.classes-49872640.zip,/data/data/com.truecaller/code_cache/secondary-dexes/tmp-com.truecaller-1.apk.classes-2135818267.zip,/data/data/com.truecaller/code_cache/secondary-dexes/tmp-com.truecaller-1.apk.classes1233170115.zip,/data/data/com.truecaller/code_cache/secondary-dexes/tmp-com.truecaller-1.apk.classes-1234685942.zip,/data/data/com.truecaller/code_cache/secondary-dexes/tmp-com.truecaller-1.apk.classes-1863763824.zip,/data/data/com.truecaller/code_cache/secondary-dexes/tmp-com.truecaller-1.apk.classes-60631313.zip,/data/data/com.truecaller/code_cache/secondary-dexes/tmp-com.truecaller-1.apk.classes209398973.zip,/data/data/com.truecaller/code_cache/secondary-dexes/tmp-com.truecaller-1.apk.classes176299265.zip,/data/data/com.truecaller/code_cache/secondary-dexes/tmp-com.truecaller-1.apk.classes-216077241.zip,/data/data/com.truecaller/code_cache/secondary-dexes/tmp-com.truecaller-1.apk.classes1536298088.zip,/data/data/com.truecaller/code_cache/secondary-dexes/tmp-com.truecaller-1.apk.classes1652996747.zip,/data/data/com.truecaller/code_cache/secondary-dexes/tmp-com.truecaller-1.apk.classes600011075.zip,/data/data/com.truecaller/code_cache/secondary-dexes/tmp-com.truecaller-1.apk.classes191437054.zip,/data/data/com.truecaller/code_cache/secondary-dexes/tmp-com.truecaller-1.apk.classes1706103047.zip,/data/data/com.truecaller/code_cache/secondary-dexes/tmp-com.truecaller-1.apk.classes415836234.zip,/data/data/com.truecaller/code_cache/secondary-dexes/tmp-com.truecaller-1.apk.classes1389239615.zip,debug.force_rtl,persist.sys.timezone,sys.settings_secure_version,graph.facebook.com,request3-eu.truecaller.com,179.60.195.7,graph.facebook.com,179.60.195.7,star.c10r.facebook.com,157.240.20.15,graph.facebook.com,157.240.20.15,star.c10r.facebook.com,157.240.21.16,graph.facebook.com,157.240.21.16,star.c10r.facebook.com,157.240.1.18,graph.facebook.com,157.240.1.18,star.c10r.facebook.com,185.60.216.15,graph.facebook.com,185.60.216.15,star.c10r.facebook.com,69.171.250.15,graph.facebook.com,69.171.250.15,star.c10r.facebook.com,78381ab57e6cabad968a4ef35b3548dee334dfe3b23cf196687db0d70c7f80fd,bc826269ca2bb6c03dba58f2ebacb3ced544f48e37607508e48b734c5d7fd620,a80a14238bb9f3465749f11db7fde0e01693a2849f0111bcaa4d89d891abf46a,c58c2fa3b59e225637de2f63ba253bfd75ba51350163fc07922ca04a2a2c2152,su,com.truecaller/com.truecaller.service.CallStateService,com.truecaller/com.truecaller.service.ClipboardService,com.truecaller/com.truecaller.service.RefreshT9MappingService,com.truecaller/com.truecaller.common.tag.TagService,com.truecaller/com.truecaller.presence.PresenceService,com.truecaller/com.truecaller.analytics.EventsTrackerService,com.truecaller/com.truecaller.callerid.CallerIdService,com.google.android.gms.games.service.GamesIntentService (com.google.android.gms),com.google.android.gms.people.service.bg.PeopleBackgroundTasks (com.google.android.gms),com.google.android.gms.icing.service.IndexWorkerService (com.google.android.gms),com.google.android.partnersetup.RlzPingIntentService (com.google.android.partnersetup),com.google.android.gms.app.service.PackageBroadcastService (com.google.android.gms),com.google.android.finsky.services.ContentSyncService (com.android.vending),com.google.android.gms.icing.service.LightweightIndexService (com.google.process.gapps),com.android.musicfx.Compatibility$Service (com.android.musicfx),com.google.android.gsf.subscribedfeeds.GCMIntentService (com.google.process.gapps),https://graph.facebook.com/v2.11/126694440681943?fields=supports_implicit_sdk_logging%2Cgdpv4_nux_content%2Cgdpv4_nux_enabled%2Cgdpv4_chrome_custom_tabs_enabled%2Candroid_dialog_configs%2Candroid_sdk_error_categories%2Capp_events_session_timeout%2Capp_events_feature_bitmask%2Cseamless_login%2Csmart_login_bookmark_icon_url%2Csmart_login_menu_icon_url&format=json&sdk=android,GET,200
